{"type":"FeatureCollection","name":"bogota_road_centerlines","metadata":{"source":"NJOGIS NG911 Road Centerlines (Tran_road)","url":"https://services2.arcgis.com/XVOqAjTOJ5P6ngMu/arcgis/rest/services/Tran_road/FeatureServer/0","query_url":"https://services2.arcgis.com/XVOqAjTOJ5P6ngMu/arcgis/rest/services/Tran_road/FeatureServer/0/query","retrieved_at_utc":"2026-09-04T20:05:00.846937+00:00","source_last_edit_date":1785341586960,"out_sr":4326,"query_envelope_wgs84":[-74.0397012,40.8655463,-74.0208176,40.8843005],"spatial_relationship":"esriSpatialRelIntersects","boundary_file":"bogota_boundary.geojson","boundary_sha256":"d8c43fafe3dd83f9c59afa8f4f735c33877ff82ee9b1350abc8c8a77f3cd8a87","fields":["OBJECTID","PRIMENAME","ELEVTYP_F","ELEVTYP_T"],"feature_count":453,"complete_objectid_inventory_verified":true,"municipal_clipping":"Envelope selection only; clip against the actual municipal boundary in the application."},"features":[{"type":"Feature","id":61,"properties":{"OBJECTID":61,"PRIMENAME":"South River Road","ELEVTYP_F":0,"ELEVTYP_T":0},"geometry":{"type":"LineString","coordinates":[[-74.0381521878388,40.8682262740189],[-74.0381692474328,40.868269081584]]}},{"type":"Feature","id":119,"properties":{"OBJECTID":119,"PRIMENAME":"Sherman Avenue","ELEVTYP_F":0,"ELEVTYP_T":0},"geometry":{"type":"LineString","coordinates":[[-74.022007541574,40.8834259030056],[-74.0194329365506,40.8826360919445],[-74.0193889103099,40.8826225855009],[-74.0192772879535,40.8825891541449]]}},{"type":"Feature","id":283,"properties":{"OBJECTID":283,"PRIMENAME":"Leonia Avenue","ELEVTYP_F":0,"ELEVTYP_T":0},"geometry":{"type":"LineString","coordinates":[[-74.027730383218,40.8776684486491],[-74.027707617378,40.8777254775928],[-74.0274514719159,40.8783671011407]]}},{"type":"Feature","id":489,"properties":{"OBJECTID":489,"PRIMENAME":"West Shore Avenue","ELEVTYP_F":0,"ELEVTYP_T":0},"geometry":{"type":"LineString","coordinates":[[-74.0289075829571,40.8760077707995],[-74.0293278882362,40.874974068391]]}},{"type":"Feature","id":945,"properties":{"OBJECTID":945,"PRIMENAME":"Degraw Avenue","ELEVTYP_F":0,"ELEVTYP_T":0},"geometry":{"type":"LineString","coordinates":[[-74.0215261732853,40.8755434118011],[-74.0208700535161,40.8752946050602],[-74.0207155564532,40.875235825165]]}},{"type":"Feature","id":2828,"properties":{"OBJECTID":2828,"PRIMENAME":"Palisade Avenue","ELEVTYP_F":0,"ELEVTYP_T":0},"geometry":{"type":"LineString","coordinates":[[-74.0232268753772,40.8806603485581],[-74.023062622246,40.8809513499321]]}},{"type":"Feature","id":4111,"properties":{"OBJECTID":4111,"PRIMENAME":"Interstate 80","ELEVTYP_F":0,"ELEVTYP_T":0},"geometry":{"type":"LineString","coordinates":[[-74.0221897589669,40.8662983371467],[-74.0225795765116,40.8663544474438],[-74.0227858578856,40.866384562374]]}},{"type":"Feature","id":7227,"properties":{"OBJECTID":7227,"PRIMENAME":"Walnut Avenue","ELEVTYP_F":0,"ELEVTYP_T":0},"geometry":{"type":"LineString","coordinates":[[-74.0234799797795,40.8699562690307],[-74.0238529058398,40.8700611008021]]}},{"type":"Feature","id":7979,"properties":{"OBJECTID":7979,"PRIMENAME":"Summit Avenue","ELEVTYP_F":0,"ELEVTYP_T":0},"geometry":{"type":"LineString","coordinates":[[-74.0271574672938,40.8743450270903],[-74.0270576641515,40.8745425548778],[-74.0266336307974,40.8753638588962]]}},{"type":"Feature","id":8689,"properties":{"OBJECTID":8689,"PRIMENAME":"James Street","ELEVTYP_F":0,"ELEVTYP_T":0},"geometry":{"type":"LineString","coordinates":[[-74.0235986179258,40.8732005650445],[-74.0241610268034,40.8725358664693],[-74.0242677975028,40.8723711163657]]}},{"type":"Feature","id":10160,"properties":{"OBJECTID":10160,"PRIMENAME":"River Road","ELEVTYP_F":0,"ELEVTYP_T":0},"geometry":{"type":"LineString","coordinates":[[-74.0325831738808,40.8800031870213],[-74.0325469513318,40.8801089677634],[-74.0324278234417,40.8804892352328],[-74.032401382937,40.8805976077844]]}},{"type":"Feature","id":11040,"properties":{"OBJECTID":11040,"PRIMENAME":"Bogota Gardens","ELEVTYP_F":0,"ELEVTYP_T":0},"geometry":{"type":"LineString","coordinates":[[-74.0330733783223,40.8752090789535],[-74.0330365029042,40.8752019331499],[-74.0330261812309,40.8751993914256],[-74.03301636885,40.8751958745596],[-74.0329825126903,40.8751816732969],[-74.032951390654,40.875157771359],[-74.0329468329392,40.8751547111956],[-74.0329417773427,40.8751521407993],[-74.0329336396726,40.8751485776167],[-74.0329264406335,40.875145784977],[-74.0329189060689,40.8751435599835],[-74.0329111134244,40.8751419255064],[-74.0329031427982,40.8751408983459],[-74.0328978984729,40.8751404286248],[-74.0328909812595,40.8751401602478],[-74.0328840781124,40.8751405892378],[-74.0328773105199,40.8751417080453],[-74.0328707975845,40.8751434969802],[-74.0328692313772,40.8751440183707],[-74.0328650143831,40.8751454232906],[-74.0328611606074,40.8751469052],[-74.0328575462015,40.875148701315],[-74.0328542154467,40.875150789631],[-74.0328512091494,40.875153144563],[-74.0328485641408,40.8751557372602],[-74.0328463128259,40.8751585359583],[-74.0328444827865,40.8751615063696],[-74.0328430964429,40.8751646121024],[-74.0328403324087,40.8751721539799],[-74.0328392549359,40.8751758932814]]}},{"type":"Feature","id":12227,"properties":{"OBJECTID":12227,"PRIMENAME":"Cypress Avenue","ELEVTYP_F":0,"ELEVTYP_T":0},"geometry":{"type":"LineString","coordinates":[[-74.0226652104818,40.8668815012024],[-74.0237252801665,40.8671718240452],[-74.0246936857812,40.8674434778929]]}},{"type":"Feature","id":13223,"properties":{"OBJECTID":13223,"PRIMENAME":"River Road","ELEVTYP_F":0,"ELEVTYP_T":0},"geometry":{"type":"LineString","coordinates":[[-74.0330031885341,40.8709526815549],[-74.0330033690812,40.8709528191725],[-74.0332344196248,40.8713668961174],[-74.033387767016,40.8716774475881],[-74.0335714525745,40.8720913312942],[-74.0336786382422,40.8723278300587],[-74.0337354889276,40.8725229782364],[-74.0338301932198,40.8728892884969],[-74.0339892457717,40.8735215698288],[-74.0340634577582,40.873814562753]]}},{"type":"Feature","id":13269,"properties":{"OBJECTID":13269,"PRIMENAME":"West Fort Lee Road","ELEVTYP_F":0,"ELEVTYP_T":0},"geometry":{"type":"LineString","coordinates":[[-74.0333888222402,40.8770902695959],[-74.0326340116139,40.8769094088912]]}},{"type":"Feature","id":13281,"properties":{"OBJECTID":13281,"PRIMENAME":"Herrick Avenue","ELEVTYP_F":0,"ELEVTYP_T":0},"geometry":{"type":"LineString","coordinates":[[-74.0228647697538,40.8812918612751],[-74.023360878968,40.881498182009]]}},{"type":"Feature","id":13508,"properties":{"OBJECTID":13508,"PRIMENAME":"Cypress Avenue","ELEVTYP_F":0,"ELEVTYP_T":0},"geometry":{"type":"LineString","coordinates":[[-74.0246936857812,40.8674434778929],[-74.0261047371658,40.8678392305343],[-74.027065163736,40.8681067692141]]}},{"type":"Feature","id":13515,"properties":{"OBJECTID":13515,"PRIMENAME":"South River Road","ELEVTYP_F":0,"ELEVTYP_T":0},"geometry":{"type":"LineString","coordinates":[[-74.0376620463182,40.8670158216949],[-74.037696031173,40.8670995965799]]}},{"type":"Feature","id":13614,"properties":{"OBJECTID":13614,"PRIMENAME":"Leonia Avenue","ELEVTYP_F":0,"ELEVTYP_T":0},"geometry":{"type":"LineString","coordinates":[[-74.0293854249102,40.8737737482225],[-74.0291906273405,40.8741503826917],[-74.028850399949,40.8748357502985]]}},{"type":"Feature","id":13675,"properties":{"OBJECTID":13675,"PRIMENAME":"East Fort Lee Road","ELEVTYP_F":0,"ELEVTYP_T":0},"geometry":{"type":"LineString","coordinates":[[-74.0289075829571,40.8760077707995],[-74.0283860853952,40.8758632048142]]}},{"type":"Feature","id":14953,"properties":{"OBJECTID":14953,"PRIMENAME":"Hudson Street","ELEVTYP_F":0,"ELEVTYP_T":0},"geometry":{"type":"LineString","coordinates":[[-74.0396330647688,40.8670643028012],[-74.0396800081357,40.8671829619846]]}},{"type":"Feature","id":15490,"properties":{"OBJECTID":15490,"PRIMENAME":"Fort Lee Road","ELEVTYP_F":0,"ELEVTYP_T":0},"geometry":{"type":"LineString","coordinates":[[-74.0208175501255,40.8729140751345],[-74.0207482898635,40.872888158985]]}},{"type":"Feature","id":15910,"properties":{"OBJECTID":15910,"PRIMENAME":"James Street","ELEVTYP_F":0,"ELEVTYP_T":0},"geometry":{"type":"LineString","coordinates":[[-74.0230137942437,40.873877878726],[-74.0230631063015,40.8738294690202],[-74.0235986179258,40.8732005650445]]}},{"type":"Feature","id":16469,"properties":{"OBJECTID":16469,"PRIMENAME":"Palisade Avenue","ELEVTYP_F":0,"ELEVTYP_T":0},"geometry":{"type":"LineString","coordinates":[[-74.027722384008,40.8711406466136],[-74.0274115435189,40.8717718353213]]}},{"type":"Feature","id":17194,"properties":{"OBJECTID":17194,"PRIMENAME":"Queen Anne Road","ELEVTYP_F":0,"ELEVTYP_T":0},"geometry":{"type":"LineString","coordinates":[[-74.0220219491293,40.8702614300036],[-74.0218814581,40.87094134599]]}},{"type":"Feature","id":18146,"properties":{"OBJECTID":18146,"PRIMENAME":"West End Avenue","ELEVTYP_F":0,"ELEVTYP_T":0},"geometry":{"type":"LineString","coordinates":[[-74.0280220632066,40.8745958320283],[-74.0276427401696,40.8744859642035],[-74.0271574672938,40.8743450270903]]}},{"type":"Feature","id":19756,"properties":{"OBJECTID":19756,"PRIMENAME":"North Avenue","ELEVTYP_F":0,"ELEVTYP_T":0},"geometry":{"type":"LineString","coordinates":[[-74.0234242412642,40.8656261928106],[-74.023287452644,40.865586457266],[-74.0230848723951,40.8655295413512],[-74.0230048069945,40.8654658020322]]}},{"type":"Feature","id":20604,"properties":{"OBJECTID":20604,"PRIMENAME":"Leonia Avenue","ELEVTYP_F":0,"ELEVTYP_T":0},"geometry":{"type":"LineString","coordinates":[[-74.0281699763225,40.8765455086632],[-74.027912959,40.8772025835702]]}},{"type":"Feature","id":20696,"properties":{"OBJECTID":20696,"PRIMENAME":"Bogert Street","ELEVTYP_F":0,"ELEVTYP_T":0},"geometry":{"type":"LineString","coordinates":[[-74.0256530960007,40.8727515061724],[-74.0255178496168,40.873861167971]]}},{"type":"Feature","id":22599,"properties":{"OBJECTID":22599,"PRIMENAME":"Linwood Avenue","ELEVTYP_F":0,"ELEVTYP_T":0},"geometry":{"type":"LineString","coordinates":[[-74.0256530960007,40.8727515061724],[-74.0267819251952,40.8730545726199]]}},{"type":"Feature","id":24802,"properties":{"OBJECTID":24802,"PRIMENAME":"Larch Avenue","ELEVTYP_F":0,"ELEVTYP_T":0},"geometry":{"type":"LineString","coordinates":[[-74.0289252643122,40.8826726328625],[-74.0287039806508,40.8832126467718]]}},{"type":"Feature","id":25427,"properties":{"OBJECTID":25427,"PRIMENAME":"East Fort Lee Road","ELEVTYP_F":0,"ELEVTYP_T":0},"geometry":{"type":"LineString","coordinates":[[-74.0253969911626,40.874996088314],[-74.0251973740122,40.8749099261659],[-74.0248369024525,40.8747483295999],[-74.0243789181466,40.8745291248106],[-74.0238270737168,40.8742751848548]]}},{"type":"Feature","id":25454,"properties":{"OBJECTID":25454,"PRIMENAME":"Palisade Avenue","ELEVTYP_F":0,"ELEVTYP_T":0},"geometry":{"type":"LineString","coordinates":[[-74.0292317120535,40.8680030345445],[-74.0290469898226,40.8683736161319],[-74.0289268925322,40.8686254131978]]}},{"type":"Feature","id":25663,"properties":{"OBJECTID":25663,"PRIMENAME":"Hillcrest Street","ELEVTYP_F":0,"ELEVTYP_T":0},"geometry":{"type":"LineString","coordinates":[[-74.0261522905635,40.882607447045],[-74.0262658437188,40.882634346964],[-74.0273742963444,40.8828972204588]]}},{"type":"Feature","id":25796,"properties":{"OBJECTID":25796,"PRIMENAME":"Leonia Avenue","ELEVTYP_F":0,"ELEVTYP_T":0},"geometry":{"type":"LineString","coordinates":[[-74.02716168092,40.8789724616207],[-74.0270839971221,40.8790540795382],[-74.0266291876379,40.8795513808267]]}},{"type":"Feature","id":25937,"properties":{"OBJECTID":25937,"PRIMENAME":"Dunn Avenue","ELEVTYP_F":0,"ELEVTYP_T":0},"geometry":{"type":"LineString","coordinates":[[-74.0238529058398,40.8700611008021],[-74.0237079775921,40.8703889347845],[-74.0235631286064,40.8706954136861]]}},{"type":"Feature","id":26917,"properties":{"OBJECTID":26917,"PRIMENAME":"4th Place","ELEVTYP_F":0,"ELEVTYP_T":0},"geometry":{"type":"LineString","coordinates":[[-74.0248368273185,40.8754619040451],[-74.0250358983404,40.8755589065098],[-74.0251072175845,40.8755935118405],[-74.025178675667,40.8756138436831],[-74.0253140786812,40.8756429760522],[-74.0255172088862,40.8756781235127],[-74.0255790590799,40.8757423624397]]}},{"type":"Feature","id":27754,"properties":{"OBJECTID":27754,"PRIMENAME":"Palmer Avenue","ELEVTYP_F":0,"ELEVTYP_T":0},"geometry":{"type":"LineString","coordinates":[[-74.0216626950094,40.8781751115245],[-74.0217530882839,40.8780217701518],[-74.0217584042126,40.878012288599],[-74.021765089985,40.8780033204132],[-74.0217730609363,40.8779949791616],[-74.021782216127,40.8779873704724],[-74.0217924396215,40.8779805906971],[-74.0218036019559,40.8779747256902],[-74.0218155617776,40.8779698497223],[-74.0218281676351,40.8779660245394],[-74.0218412598964,40.8779632985811],[-74.0218546727697,40.877961706367],[-74.0218682364035,40.8779612680599],[-74.021881779037,40.8779619892103],[-74.0218951291753,40.877963860686],[-74.0219081177614,40.8779668587878],[-74.0219205803164,40.8779709455498],[-74.0219323590227,40.8779760692201]]}},{"type":"Feature","id":27822,"properties":{"OBJECTID":27822,"PRIMENAME":"Palisade Avenue","ELEVTYP_F":0,"ELEVTYP_T":0},"geometry":{"type":"LineString","coordinates":[[-74.0239507214648,40.8794051421072],[-74.0237373016468,40.8797747719073],[-74.0235871257113,40.8800345914988]]}},{"type":"Feature","id":27996,"properties":{"OBJECTID":27996,"PRIMENAME":"Maplewood Avenue","ELEVTYP_F":0,"ELEVTYP_T":0},"geometry":{"type":"LineString","coordinates":[[-74.0270208049628,40.8695184206638],[-74.0271885078112,40.8695650309637],[-74.0283256978505,40.8698856300546]]}},{"type":"Feature","id":28059,"properties":{"OBJECTID":28059,"PRIMENAME":"Fischer Avenue","ELEVTYP_F":0,"ELEVTYP_T":0},"geometry":{"type":"LineString","coordinates":[[-74.0267668286075,40.8687349062361],[-74.027065163736,40.8681067692141]]}},{"type":"Feature","id":28102,"properties":{"OBJECTID":28102,"PRIMENAME":"Linden Avenue","ELEVTYP_F":0,"ELEVTYP_T":0},"geometry":{"type":"LineString","coordinates":[[-74.0288520188449,40.8780555423289],[-74.0286039816661,40.8786550945582]]}},{"type":"Feature","id":28731,"properties":{"OBJECTID":28731,"PRIMENAME":"River Road","ELEVTYP_F":0,"ELEVTYP_T":0},"geometry":{"type":"LineString","coordinates":[[-74.0338019333367,40.8753353831918],[-74.033757650114,40.8754979514245],[-74.0335347543875,40.8762379923953],[-74.0334551210068,40.8765060974684],[-74.0334191100049,40.8766388343333],[-74.0334027674569,40.8767568003715],[-74.0333940297387,40.8768629943155],[-74.0333897763507,40.8769486464135],[-74.0333888222402,40.8770902695959]]}},{"type":"Feature","id":29414,"properties":{"OBJECTID":29414,"PRIMENAME":"North Avenue","ELEVTYP_F":0,"ELEVTYP_T":0},"geometry":{"type":"LineString","coordinates":[[-74.0254495368894,40.8661832845712],[-74.025330619803,40.8661621262893],[-74.025084536375,40.8661003951214],[-74.0247387326388,40.8660079484117],[-74.0244377304659,40.8659205169426]]}},{"type":"Feature","id":29533,"properties":{"OBJECTID":29533,"PRIMENAME":"Hudson Street","ELEVTYP_F":0,"ELEVTYP_T":0},"geometry":{"type":"LineString","coordinates":[[-74.0395976702137,40.8669749231096],[-74.0396330647688,40.8670643028012]]}},{"type":"Feature","id":30455,"properties":{"OBJECTID":30455,"PRIMENAME":"West Shore Avenue","ELEVTYP_F":0,"ELEVTYP_T":0},"geometry":{"type":"LineString","coordinates":[[-74.0302778771812,40.8725699414916],[-74.0304249555203,40.8721950056091],[-74.0305324794442,40.8719263837594]]}},{"type":"Feature","id":30946,"properties":{"OBJECTID":30946,"PRIMENAME":"West Shore Avenue","ELEVTYP_F":0,"ELEVTYP_T":0},"geometry":{"type":"LineString","coordinates":[[-74.0313074994513,40.869995861253],[-74.0314056444344,40.8697795198721],[-74.0314290095255,40.8696709700451],[-74.031430722754,40.8694279393147],[-74.0314740609452,40.8692611406933]]}},{"type":"Feature","id":31622,"properties":{"OBJECTID":31622,"PRIMENAME":"Fischer Avenue","ELEVTYP_F":0,"ELEVTYP_T":0},"geometry":{"type":"LineString","coordinates":[[-74.0264004380338,40.8707683379533],[-74.0267084230045,40.8701478173054]]}},{"type":"Feature","id":31639,"properties":{"OBJECTID":31639,"PRIMENAME":"West Fort Lee Road","ELEVTYP_F":0,"ELEVTYP_T":0},"geometry":{"type":"LineString","coordinates":[[-74.0314075436782,40.876628895624],[-74.0309672296821,40.8765197185347],[-74.0300482959829,40.8762918589449]]}},{"type":"Feature","id":31918,"properties":{"OBJECTID":31918,"PRIMENAME":"Palmer Avenue","ELEVTYP_F":0,"ELEVTYP_T":0},"geometry":{"type":"LineString","coordinates":[[-74.0207382409362,40.8798323729103],[-74.021083160836,40.8791986268027]]}},{"type":"Feature","id":32093,"properties":{"OBJECTID":32093,"PRIMENAME":"Terhune Street","ELEVTYP_F":0,"ELEVTYP_T":0},"geometry":{"type":"LineString","coordinates":[[-74.0247500233624,40.8840290718201],[-74.0244411765162,40.8839549753169]]}},{"type":"Feature","id":32753,"properties":{"OBJECTID":32753,"PRIMENAME":"Larch Avenue","ELEVTYP_F":0,"ELEVTYP_T":0},"geometry":{"type":"LineString","coordinates":[[-74.0318410193047,40.8707073481509],[-74.0320382868528,40.8710341656676],[-74.032110578636,40.8711690868914],[-74.0325587844633,40.8720055979337],[-74.0325808211643,40.8720857838875],[-74.0325838784656,40.8721858225293],[-74.0325728177111,40.8726890348203],[-74.0325610126148,40.872763319978],[-74.0325454311998,40.8728347350243],[-74.0324720188566,40.8730975406222],[-74.0323634435454,40.8734393672483]]}},{"type":"Feature","id":32779,"properties":{"OBJECTID":32779,"PRIMENAME":"Palisade Avenue","ELEVTYP_F":0,"ELEVTYP_T":0},"geometry":{"type":"LineString","coordinates":[[-74.0235871257113,40.8800345914988],[-74.0232871705219,40.8805535175442],[-74.0232268753772,40.8806603485581]]}},{"type":"Feature","id":32864,"properties":{"OBJECTID":32864,"PRIMENAME":"Henry Street","ELEVTYP_F":0,"ELEVTYP_T":0},"geometry":{"type":"LineString","coordinates":[[-74.0197886630332,40.8709722619155],[-74.0198056936759,40.8711075208937],[-74.0198099915603,40.8711362502463],[-74.0198165481536,40.8711647326662],[-74.0198253399249,40.8711928659203],[-74.0198363353202,40.8712205490289],[-74.0198494948761,40.8712476826274],[-74.0198647713607,40.8712741693239],[-74.0198821099438,40.8712999140482],[-74.0199014483935,40.8713248243931],[-74.019922717299,40.8713488109463],[-74.0199458403205,40.8713717876111],[-74.0199707344627,40.8713936719157],[-74.0199973103729,40.8714143853092],[-74.0200254726615,40.8714338534433],[-74.0200551202446,40.8714520064393],[-74.0200861467067,40.8714687791391],[-74.0201184406829,40.871484111339],[-74.0210436026424,40.8718243211139]]}},{"type":"Feature","id":33245,"properties":{"OBJECTID":33245,"PRIMENAME":"Second Street","ELEVTYP_F":0,"ELEVTYP_T":1},"geometry":{"type":"LineString","coordinates":[[-74.0298600515467,40.8667035331054],[-74.0297738262479,40.8668858028733]]}},{"type":"Feature","id":33822,"properties":{"OBJECTID":33822,"PRIMENAME":"Chestnut Avenue","ELEVTYP_F":0,"ELEVTYP_T":0},"geometry":{"type":"LineString","coordinates":[[-74.0267668286075,40.8687349062361],[-74.0260357477107,40.8685338016535],[-74.0243855094881,40.8680746427936]]}},{"type":"Feature","id":35020,"properties":{"OBJECTID":35020,"PRIMENAME":"West Fort Lee Road","ELEVTYP_F":0,"ELEVTYP_T":0},"geometry":{"type":"LineString","coordinates":[[-74.0326340116139,40.8769094088912],[-74.0319881693805,40.8767546381477],[-74.0314075436782,40.876628895624]]}},{"type":"Feature","id":36953,"properties":{"OBJECTID":36953,"PRIMENAME":"2nd Place","ELEVTYP_F":0,"ELEVTYP_T":0},"geometry":{"type":"LineString","coordinates":[[-74.0248368273185,40.8754619040451],[-74.0246406782302,40.8760434071999],[-74.0244289835825,40.8766743915463]]}},{"type":"Feature","id":37572,"properties":{"OBJECTID":37572,"PRIMENAME":"Gray Street","ELEVTYP_F":0,"ELEVTYP_T":0},"geometry":{"type":"LineString","coordinates":[[-74.0219323590227,40.8779760692201],[-74.0225571390004,40.8781816686397]]}},{"type":"Feature","id":38699,"properties":{"OBJECTID":38699,"PRIMENAME":"Elm Avenue","ELEVTYP_F":0,"ELEVTYP_T":0},"geometry":{"type":"LineString","coordinates":[[-74.0286973225467,40.8796713431804],[-74.0286841666336,40.8797042628277]]}},{"type":"Feature","id":38740,"properties":{"OBJECTID":38740,"PRIMENAME":"Main Street","ELEVTYP_F":0,"ELEVTYP_T":0},"geometry":{"type":"LineString","coordinates":[[-74.0229864506885,40.8655463145599],[-74.0229647579581,40.8656414565588],[-74.0229421624661,40.8657405582281],[-74.0229344381162,40.8657723704472]]}},{"type":"Feature","id":38748,"properties":{"OBJECTID":38748,"PRIMENAME":"Railroad Avenue","ELEVTYP_F":0,"ELEVTYP_T":0},"geometry":{"type":"LineString","coordinates":[[-74.03173269985,40.866983503677],[-74.0317329039678,40.8671086189307]]}},{"type":"Feature","id":39089,"properties":{"OBJECTID":39089,"PRIMENAME":"West End Avenue","ELEVTYP_F":0,"ELEVTYP_T":0},"geometry":{"type":"LineString","coordinates":[[-74.028850399949,40.8748357502985],[-74.0280220632066,40.8745958320283]]}},{"type":"Feature","id":39651,"properties":{"OBJECTID":39651,"PRIMENAME":"Bergen Avenue","ELEVTYP_F":0,"ELEVTYP_T":0},"geometry":{"type":"LineString","coordinates":[[-74.0210890923004,40.8669182116905],[-74.0212895547732,40.8664315589028]]}},{"type":"Feature","id":40135,"properties":{"OBJECTID":40135,"PRIMENAME":"Larch Avenue","ELEVTYP_F":0,"ELEVTYP_T":0},"geometry":{"type":"LineString","coordinates":[[-74.0283815519462,40.8840021721781],[-74.0283258250665,40.8841386423459],[-74.0280521962675,40.8848084124708]]}},{"type":"Feature","id":40853,"properties":{"OBJECTID":40853,"PRIMENAME":"Interstate 80","ELEVTYP_F":0,"ELEVTYP_T":1},"geometry":{"type":"LineString","coordinates":[[-74.0295955025818,40.8672626704662],[-74.0299666122942,40.8672860599573],[-74.0305324080223,40.8673032964976],[-74.030988976068,40.8673194278714],[-74.0314456919784,40.8673248799779],[-74.0317331903135,40.8673246200626]]}},{"type":"Feature","id":41151,"properties":{"OBJECTID":41151,"PRIMENAME":"Jackson Avenue","ELEVTYP_F":0,"ELEVTYP_T":0},"geometry":{"type":"LineString","coordinates":[[-74.0398085814491,40.8675077073593],[-74.039931108146,40.8674838212896],[-74.0402187034754,40.8674277908034],[-74.0403237734042,40.8674108873248],[-74.0404295916466,40.8673969309826],[-74.0405360148146,40.8673859406884],[-74.0406428987012,40.8673779313342],[-74.0407170259323,40.867377595212]]}},{"type":"Feature","id":42568,"properties":{"OBJECTID":42568,"PRIMENAME":"East Fort Lee Road","ELEVTYP_F":0,"ELEVTYP_T":0},"geometry":{"type":"LineString","coordinates":[[-74.0283860853952,40.8758632048142],[-74.0275199852745,40.8756230466006]]}},{"type":"Feature","id":43265,"properties":{"OBJECTID":43265,"PRIMENAME":"Hudson Street","ELEVTYP_F":0,"ELEVTYP_T":0},"geometry":{"type":"LineString","coordinates":[[-74.0395451836242,40.8668422153766],[-74.0395597531712,40.8668791104685],[-74.0395976702137,40.8669749231096]]}},{"type":"Feature","id":43527,"properties":{"OBJECTID":43527,"PRIMENAME":"Larch Avenue","ELEVTYP_F":0,"ELEVTYP_T":0},"geometry":{"type":"LineString","coordinates":[[-74.0287039806508,40.8832126467718],[-74.0283815519462,40.8840021721781]]}},{"type":"Feature","id":44786,"properties":{"OBJECTID":44786,"PRIMENAME":"Palmer Avenue","ELEVTYP_F":0,"ELEVTYP_T":0},"geometry":{"type":"LineString","coordinates":[[-74.0203674612402,40.880530516256],[-74.0207382409362,40.8798323729103]]}},{"type":"Feature","id":49116,"properties":{"OBJECTID":49116,"PRIMENAME":"South River Street","ELEVTYP_F":0,"ELEVTYP_T":0},"geometry":{"type":"LineString","coordinates":[[-74.0377841582859,40.8673166900169],[-74.0381025090067,40.8681008787261],[-74.0381521878388,40.8682262740189]]}},{"type":"Feature","id":49788,"properties":{"OBJECTID":49788,"PRIMENAME":"1st Place","ELEVTYP_F":0,"ELEVTYP_T":0},"geometry":{"type":"LineString","coordinates":[[-74.0238317444948,40.8764317728719],[-74.0242402042203,40.8751749865013]]}},{"type":"Feature","id":51494,"properties":{"OBJECTID":51494,"PRIMENAME":"Interstate 80","ELEVTYP_F":0,"ELEVTYP_T":1},"geometry":{"type":"LineString","coordinates":[[-74.0389368323795,40.8671949261515],[-74.0392008845567,40.8671916990932],[-74.0396800081357,40.8671829619846]]}},{"type":"Feature","id":51510,"properties":{"OBJECTID":51510,"PRIMENAME":"Maplewood Avenue","ELEVTYP_F":0,"ELEVTYP_T":0},"geometry":{"type":"LineString","coordinates":[[-74.0264676800546,40.8693646853127],[-74.0270208049628,40.8695184206638]]}},{"type":"Feature","id":55352,"properties":{"OBJECTID":55352,"PRIMENAME":"Bogert Street","ELEVTYP_F":0,"ELEVTYP_T":0},"geometry":{"type":"LineString","coordinates":[[-74.0255178496168,40.873861167971],[-74.0254941116495,40.8740557688489],[-74.0254898774804,40.8740967885606]]}},{"type":"Feature","id":55631,"properties":{"OBJECTID":55631,"PRIMENAME":"Summit Avenue","ELEVTYP_F":0,"ELEVTYP_T":0},"geometry":{"type":"LineString","coordinates":[[-74.0276836886219,40.8733036936422],[-74.0271574672938,40.8743450270903]]}},{"type":"Feature","id":56407,"properties":{"OBJECTID":56407,"PRIMENAME":"Interstate 80","ELEVTYP_F":0,"ELEVTYP_T":0},"geometry":{"type":"LineString","coordinates":[[-74.0227858578856,40.866384562374],[-74.0232881454147,40.8664579248587],[-74.0239684276847,40.8665583444296],[-74.0243868760596,40.8666152440025],[-74.0249705366505,40.8667017821927],[-74.0258086327738,40.8668254864562],[-74.0265009509452,40.8669225094006],[-74.0270822156386,40.8670060894131],[-74.0274011098239,40.8670499429518],[-74.0276508553405,40.8670804190764],[-74.0279569612953,40.8671176859742],[-74.0282636910876,40.8671485038269],[-74.0285860788447,40.8671791930362],[-74.0288919301333,40.8672053289674]]}},{"type":"Feature","id":56520,"properties":{"OBJECTID":56520,"PRIMENAME":"Leonia Avenue","ELEVTYP_F":0,"ELEVTYP_T":0},"geometry":{"type":"LineString","coordinates":[[-74.0255863481793,40.8807035931465],[-74.0250763445327,40.8812794959173]]}},{"type":"Feature","id":60004,"properties":{"OBJECTID":60004,"PRIMENAME":"River Road","ELEVTYP_F":0,"ELEVTYP_T":0},"geometry":{"type":"LineString","coordinates":[[-74.0322358340563,40.8814220370075],[-74.0321014242627,40.8821023185151],[-74.0320721775852,40.8822546534056]]}},{"type":"Feature","id":62072,"properties":{"OBJECTID":62072,"PRIMENAME":"Henry Street","ELEVTYP_F":0,"ELEVTYP_T":0},"geometry":{"type":"LineString","coordinates":[[-74.0210436026424,40.8718243211139],[-74.0212614206795,40.8719044169333],[-74.0216578612642,40.8720540693388]]}},{"type":"Feature","id":68205,"properties":{"OBJECTID":68205,"PRIMENAME":"South River Street","ELEVTYP_F":0,"ELEVTYP_T":0},"geometry":{"type":"LineString","coordinates":[[-74.0377416761319,40.8672120473137],[-74.0377841582859,40.8673166900169]]}},{"type":"Feature","id":70846,"properties":{"OBJECTID":70846,"PRIMENAME":"South Street","ELEVTYP_F":0,"ELEVTYP_T":0},"geometry":{"type":"LineString","coordinates":[[-74.032401382937,40.8805976077844],[-74.0312490414334,40.8803094332859]]}},{"type":"Feature","id":74276,"properties":{"OBJECTID":74276,"PRIMENAME":"Palisade Avenue","ELEVTYP_F":0,"ELEVTYP_T":0},"geometry":{"type":"LineString","coordinates":[[-74.0289268925322,40.8686254131978],[-74.0286296934489,40.8692483993775]]}},{"type":"Feature","id":74406,"properties":{"OBJECTID":74406,"PRIMENAME":"River Road","ELEVTYP_F":0,"ELEVTYP_T":0},"geometry":{"type":"LineString","coordinates":[[-74.0319117662147,40.8830931020849],[-74.0318694522595,40.8833146078042],[-74.0318517196561,40.8834074284908]]}},{"type":"Feature","id":74672,"properties":{"OBJECTID":74672,"PRIMENAME":"West Fort Lee Road","ELEVTYP_F":0,"ELEVTYP_T":0},"geometry":{"type":"LineString","coordinates":[[-74.0396794254607,40.8791712294578],[-74.0392907046251,40.8791738362635],[-74.0390636060808,40.8791741780245],[-74.037540446025,40.879176450865],[-74.0371332602824,40.8791770563507],[-74.0366830350331,40.8791728883171],[-74.0365110761932,40.8791721974427],[-74.0363611273873,40.8791525999981],[-74.0362019628567,40.8791116092211],[-74.0360865887743,40.8790660735823],[-74.0359713641743,40.8789991553314],[-74.0358530632317,40.8789274749871],[-74.0357598538046,40.8788464260375],[-74.035561318992,40.8786225460519],[-74.0349801299123,40.8779555108945]]}},{"type":"Feature","id":74693,"properties":{"OBJECTID":74693,"PRIMENAME":"Palisade Avenue","ELEVTYP_F":0,"ELEVTYP_T":0},"geometry":{"type":"LineString","coordinates":[[-74.022007541574,40.8834259030056],[-74.02196423245,40.8835589624774],[-74.0219374807119,40.883694962682],[-74.0219090736039,40.8838307693908],[-74.0218790135435,40.8839663709983],[-74.0218473030893,40.8841017559169],[-74.0218158197554,40.8841845766578]]}},{"type":"Feature","id":75111,"properties":{"OBJECTID":75111,"PRIMENAME":"Johnson Avenue","ELEVTYP_F":0,"ELEVTYP_T":0},"geometry":{"type":"LineString","coordinates":[[-74.0189053816706,40.8832937375831],[-74.0194270294203,40.8834527352964],[-74.0198998877101,40.8835968600296],[-74.0218158197554,40.8841845766578]]}},{"type":"Feature","id":75718,"properties":{"OBJECTID":75718,"PRIMENAME":"Palisade Avenue","ELEVTYP_F":0,"ELEVTYP_T":0},"geometry":{"type":"LineString","coordinates":[[-74.0262756113042,40.8740864854425],[-74.0261761294184,40.8742892298882],[-74.0258587678299,40.8749484138436],[-74.0257859940401,40.875112536038]]}},{"type":"Feature","id":76213,"properties":{"OBJECTID":76213,"PRIMENAME":"Vreeland Avenue","ELEVTYP_F":0,"ELEVTYP_T":0},"geometry":{"type":"LineString","coordinates":[[-74.0403316874521,40.8664097022433],[-74.0394520065563,40.866606903469]]}},{"type":"Feature","id":77029,"properties":{"OBJECTID":77029,"PRIMENAME":"Queen Anne Road","ELEVTYP_F":0,"ELEVTYP_T":0},"geometry":{"type":"LineString","coordinates":[[-74.0224106316895,40.8682386456731],[-74.0223456966699,40.8685748792297]]}},{"type":"Feature","id":78278,"properties":{"OBJECTID":78278,"PRIMENAME":"Larch Avenue","ELEVTYP_F":0,"ELEVTYP_T":0},"geometry":{"type":"LineString","coordinates":[[-74.0297032458859,40.8808109269478],[-74.0293665811962,40.8816171686971]]}},{"type":"Feature","id":78434,"properties":{"OBJECTID":78434,"PRIMENAME":"Cross Street","ELEVTYP_F":0,"ELEVTYP_T":0},"geometry":{"type":"LineString","coordinates":[[-74.0330031885341,40.8709526815549],[-74.0336875065069,40.8707648688394],[-74.0339549964286,40.8706867601214],[-74.0339962606964,40.8706747097096],[-74.0341146529493,40.8706382411856],[-74.0341750792956,40.8706121336619],[-74.0342007080333,40.8705876146831],[-74.0342172387389,40.8705454645284],[-74.0342037113593,40.870489165718],[-74.0339311667057,40.8697885994175],[-74.0335664582295,40.8686910415096]]}},{"type":"Feature","id":79176,"properties":{"OBJECTID":79176,"PRIMENAME":"Queen Anne Road","ELEVTYP_F":0,"ELEVTYP_T":0},"geometry":{"type":"LineString","coordinates":[[-74.0217763832207,40.8714127115162],[-74.0216578612642,40.8720540693388]]}},{"type":"Feature","id":93117,"properties":{"OBJECTID":93117,"PRIMENAME":"South Street","ELEVTYP_F":0,"ELEVTYP_T":0},"geometry":{"type":"LineString","coordinates":[[-74.0286973225467,40.8796713431804],[-74.0281609384251,40.8795454301081],[-74.0281207283383,40.8795379313808]]}},{"type":"Feature","id":94619,"properties":{"OBJECTID":94619,"PRIMENAME":"Blauvelt Street","ELEVTYP_F":0,"ELEVTYP_T":0},"geometry":{"type":"LineString","coordinates":[[-74.0208951211849,40.86759341997],[-74.0207258962382,40.867558652898],[-74.0196123098551,40.8673297578871]]}},{"type":"Feature","id":95766,"properties":{"OBJECTID":95766,"PRIMENAME":"Chestnut Avenue","ELEVTYP_F":0,"ELEVTYP_T":0},"geometry":{"type":"LineString","coordinates":[[-74.0286296934489,40.8692483993775],[-74.0283364057119,40.8691665814549],[-74.0267668286075,40.8687349062361]]}},{"type":"Feature","id":95855,"properties":{"OBJECTID":95855,"PRIMENAME":"Jasper Avenue","ELEVTYP_F":0,"ELEVTYP_T":0},"geometry":{"type":"LineString","coordinates":[[-74.0198257755609,40.866660963013],[-74.0209566613832,40.8668912453549],[-74.0210890923004,40.8669182116905]]}},{"type":"Feature","id":96037,"properties":{"OBJECTID":96037,"PRIMENAME":"West End Avenue","ELEVTYP_F":0,"ELEVTYP_T":0},"geometry":{"type":"LineString","coordinates":[[-74.0262756113042,40.8740864854425],[-74.0255178496168,40.873861167971]]}},{"type":"Feature","id":96134,"properties":{"OBJECTID":96134,"PRIMENAME":"Palisade Avenue","ELEVTYP_F":0,"ELEVTYP_T":0},"geometry":{"type":"LineString","coordinates":[[-74.0253551005519,40.8763802982092],[-74.0252474807432,40.876678641462],[-74.0251529074666,40.8769678714213]]}},{"type":"Feature","id":96434,"properties":{"OBJECTID":96434,"PRIMENAME":"Interstate 80","ELEVTYP_F":1,"ELEVTYP_T":0},"geometry":{"type":"LineString","coordinates":[[-74.0377416761319,40.8672120473137],[-74.0383203873075,40.8672024793262],[-74.0389368323795,40.8671949261515]]}},{"type":"Feature","id":96644,"properties":{"OBJECTID":96644,"PRIMENAME":"Second Street","ELEVTYP_F":0,"ELEVTYP_T":0},"geometry":{"type":"LineString","coordinates":[[-74.0303497035705,40.8656597593779],[-74.0300434714983,40.8663060987886],[-74.0298600515467,40.8667035331054]]}},{"type":"Feature","id":98719,"properties":{"OBJECTID":98719,"PRIMENAME":"Hudson Street","ELEVTYP_F":0,"ELEVTYP_T":0},"geometry":{"type":"LineString","coordinates":[[-74.0398085814491,40.8675077073593],[-74.0399332462288,40.8678226387802],[-74.0402139534147,40.8685222088059]]}},{"type":"Feature","id":100209,"properties":{"OBJECTID":100209,"PRIMENAME":"Queen Anne Road","ELEVTYP_F":0,"ELEVTYP_T":0},"geometry":{"type":"LineString","coordinates":[[-74.0222061932378,40.869299432145],[-74.022149170375,40.8695961993142]]}},{"type":"Feature","id":100439,"properties":{"OBJECTID":100439,"PRIMENAME":"Munn Avenue","ELEVTYP_F":0,"ELEVTYP_T":0},"geometry":{"type":"LineString","coordinates":[[-74.0323634435454,40.8734393672483],[-74.0311593099001,40.87317510883]]}},{"type":"Feature","id":101184,"properties":{"OBJECTID":101184,"PRIMENAME":"Oakwood Avenue","ELEVTYP_F":0,"ELEVTYP_T":0},"geometry":{"type":"LineString","coordinates":[[-74.0307921396402,40.8712775208938],[-74.030641602463,40.871236314359],[-74.0296495424101,40.8709647473475],[-74.0280257717049,40.8705143120863]]}},{"type":"Feature","id":102282,"properties":{"OBJECTID":102282,"PRIMENAME":"Palisade Avenue","ELEVTYP_F":0,"ELEVTYP_T":0},"geometry":{"type":"LineString","coordinates":[[-74.0271334875423,40.8723380202417],[-74.0267819251952,40.8730545726199]]}},{"type":"Feature","id":102462,"properties":{"OBJECTID":102462,"PRIMENAME":"Railroad Avenue","ELEVTYP_F":0,"ELEVTYP_T":0},"geometry":{"type":"LineString","coordinates":[[-74.031733036859,40.8671923130653],[-74.0317331903135,40.8673246200626]]}},{"type":"Feature","id":102481,"properties":{"OBJECTID":102481,"PRIMENAME":"Shafer Place","ELEVTYP_F":0,"ELEVTYP_T":0},"geometry":{"type":"LineString","coordinates":[[-74.0369722258262,40.8652859631089],[-74.0359031595768,40.8655513390295]]}},{"type":"Feature","id":102837,"properties":{"OBJECTID":102837,"PRIMENAME":"Queen Anne Road","ELEVTYP_F":0,"ELEVTYP_T":0},"geometry":{"type":"LineString","coordinates":[[-74.022149170375,40.8695961993142],[-74.0220745514509,40.8699863033165]]}},{"type":"Feature","id":102891,"properties":{"OBJECTID":102891,"PRIMENAME":"West End Avenue","ELEVTYP_F":0,"ELEVTYP_T":0},"geometry":{"type":"LineString","coordinates":[[-74.0271574672938,40.8743450270903],[-74.0266240548755,40.874190110771],[-74.0262756113042,40.8740864854425]]}},{"type":"Feature","id":103155,"properties":{"OBJECTID":103155,"PRIMENAME":"Hill Street","ELEVTYP_F":0,"ELEVTYP_T":0},"geometry":{"type":"LineString","coordinates":[[-74.0255790590799,40.8757423624397],[-74.0256444237682,40.8758157286421],[-74.0281699763225,40.8765455086632]]}},{"type":"Feature","id":103203,"properties":{"OBJECTID":103203,"PRIMENAME":"North Avenue","ELEVTYP_F":0,"ELEVTYP_T":0},"geometry":{"type":"LineString","coordinates":[[-74.0244377304659,40.8659205169426],[-74.0234242412642,40.8656261928106]]}},{"type":"Feature","id":104185,"properties":{"OBJECTID":104185,"PRIMENAME":"Herrick Avenue","ELEVTYP_F":0,"ELEVTYP_T":0},"geometry":{"type":"LineString","coordinates":[[-74.0203674612402,40.880530516256],[-74.021990456552,40.8810250285424],[-74.0228647697538,40.8812918612751]]}},{"type":"Feature","id":104525,"properties":{"OBJECTID":104525,"PRIMENAME":"West Main Street","ELEVTYP_F":0,"ELEVTYP_T":0},"geometry":{"type":"LineString","coordinates":[[-74.0293546160577,40.8780270433585],[-74.0289761305645,40.877943918549],[-74.0288919445842,40.8779253039919],[-74.0284399366787,40.877825352569]]}},{"type":"Feature","id":104556,"properties":{"OBJECTID":104556,"PRIMENAME":"East Main Street","ELEVTYP_F":0,"ELEVTYP_T":0},"geometry":{"type":"LineString","coordinates":[[-74.0238317444948,40.8764317728719],[-74.0232070517358,40.8761825129986]]}},{"type":"Feature","id":104907,"properties":{"OBJECTID":104907,"PRIMENAME":"Elm Avenue","ELEVTYP_F":0,"ELEVTYP_T":0},"geometry":{"type":"LineString","coordinates":[[-74.0321785763708,40.8697928679761],[-74.0320330687996,40.8701677856271],[-74.0318410193047,40.8707073481509]]}},{"type":"Feature","id":104965,"properties":{"OBJECTID":104965,"PRIMENAME":"Eighth Street","ELEVTYP_F":0,"ELEVTYP_T":0},"geometry":{"type":"LineString","coordinates":[[-74.0242547781727,40.8639339875664],[-74.0242290276951,40.8639864737813],[-74.0234719008532,40.8655297134863],[-74.0234242412642,40.8656261928106]]}},{"type":"Feature","id":105092,"properties":{"OBJECTID":105092,"PRIMENAME":"East Main Street","ELEVTYP_F":0,"ELEVTYP_T":0},"geometry":{"type":"LineString","coordinates":[[-74.027730383218,40.8776684486491],[-74.0274775337584,40.877608197992],[-74.0267370489978,40.8774317431818],[-74.0262379042558,40.8773061450475],[-74.025794898849,40.8771942795975],[-74.0256236622368,40.877148668615],[-74.0254612942007,40.8770918385593],[-74.0251529074666,40.8769678714213]]}},{"type":"Feature","id":106041,"properties":{"OBJECTID":106041,"PRIMENAME":"Hillcrest Street","ELEVTYP_F":0,"ELEVTYP_T":0},"geometry":{"type":"LineString","coordinates":[[-74.0287039806508,40.8832126467718],[-74.0317514240427,40.8839314138086]]}},{"type":"Feature","id":106196,"properties":{"OBJECTID":106196,"PRIMENAME":"Bergen Avenue","ELEVTYP_F":0,"ELEVTYP_T":0},"geometry":{"type":"LineString","coordinates":[[-74.0210890923004,40.8669182116905],[-74.0208951211849,40.86759341997]]}},{"type":"Feature","id":106914,"properties":{"OBJECTID":106914,"PRIMENAME":"4th Place","ELEVTYP_F":0,"ELEVTYP_T":0},"geometry":{"type":"LineString","coordinates":[[-74.0242402042203,40.8751749865013],[-74.0243339148946,40.8752186327198],[-74.0246868400573,40.8753887920764],[-74.0248368273185,40.8754619040451]]}},{"type":"Feature","id":107193,"properties":{"OBJECTID":107193,"PRIMENAME":"South River Street","ELEVTYP_F":0,"ELEVTYP_T":0},"geometry":{"type":"LineString","coordinates":[[-74.0393655176267,40.8713028538008],[-74.0395090494959,40.8717032285273],[-74.0398468741104,40.8726682159249]]}},{"type":"Feature","id":107440,"properties":{"OBJECTID":107440,"PRIMENAME":"Linden Avenue","ELEVTYP_F":0,"ELEVTYP_T":0},"geometry":{"type":"LineString","coordinates":[[-74.0254919604655,40.8842070888295],[-74.0259220371967,40.8831721501297]]}},{"type":"Feature","id":107520,"properties":{"OBJECTID":107520,"PRIMENAME":"Water Street","ELEVTYP_F":0,"ELEVTYP_T":0},"geometry":{"type":"LineString","coordinates":[[-74.0414022994315,40.8714976533433],[-74.0412312263993,40.871481327456],[-74.0393655176267,40.8713028538008]]}},{"type":"Feature","id":108172,"properties":{"OBJECTID":108172,"PRIMENAME":"Maplewood Avenue","ELEVTYP_F":0,"ELEVTYP_T":0},"geometry":{"type":"LineString","coordinates":[[-74.0240797489013,40.8687009572861],[-74.0264676800546,40.8693646853127]]}},{"type":"Feature","id":108173,"properties":{"OBJECTID":108173,"PRIMENAME":"Interstate 80","ELEVTYP_F":0,"ELEVTYP_T":1},"geometry":{"type":"LineString","coordinates":[[-74.0356198626915,40.8672544896797],[-74.0364227614761,40.8672377725504],[-74.0374492661611,40.8672168593965],[-74.0376236780479,40.8672139897042],[-74.0377416761319,40.8672120473137]]}},{"type":"Feature","id":109728,"properties":{"OBJECTID":109728,"PRIMENAME":"Leonia Avenue","ELEVTYP_F":0,"ELEVTYP_T":0},"geometry":{"type":"LineString","coordinates":[[-74.0266291876379,40.8795513808267],[-74.0264119141725,40.8797889971909],[-74.0261089756753,40.8801210703107]]}},{"type":"Feature","id":109768,"properties":{"OBJECTID":109768,"PRIMENAME":"Main Street","ELEVTYP_F":0,"ELEVTYP_T":0},"geometry":{"type":"LineString","coordinates":[[-74.0230048069945,40.8654658020322],[-74.0229864506885,40.8655463145599]]}},{"type":"Feature","id":111290,"properties":{"OBJECTID":111290,"PRIMENAME":"Degraw Avenue","ELEVTYP_F":0,"ELEVTYP_T":0},"geometry":{"type":"LineString","coordinates":[[-74.0229089705143,40.8760678240883],[-74.0223244647714,40.8758461659753]]}},{"type":"Feature","id":112125,"properties":{"OBJECTID":112125,"PRIMENAME":"Oak Street","ELEVTYP_F":0,"ELEVTYP_T":0},"geometry":{"type":"LineString","coordinates":[[-74.0215911061429,40.8691847554284],[-74.0204438496364,40.8689684079347]]}},{"type":"Feature","id":113064,"properties":{"OBJECTID":113064,"PRIMENAME":"Van Buren Avenue","ELEVTYP_F":0,"ELEVTYP_T":0},"geometry":{"type":"LineString","coordinates":[[-74.0225726997778,40.8819953875174],[-74.0201192808275,40.8812531586907],[-74.0200026509823,40.8812174008432]]}},{"type":"Feature","id":113618,"properties":{"OBJECTID":113618,"PRIMENAME":"Chestnut Place","ELEVTYP_F":0,"ELEVTYP_T":0},"geometry":{"type":"LineString","coordinates":[[-74.0247500233624,40.8840290718201],[-74.0247824479087,40.8839506723329],[-74.0251629074873,40.883027992176],[-74.0251781139791,40.8830130584815],[-74.0251993502355,40.8830032381076],[-74.0252238089582,40.8829998292444],[-74.0252482568622,40.8830032825218],[-74.0259220371967,40.8831721501297]]}},{"type":"Feature","id":114813,"properties":{"OBJECTID":114813,"PRIMENAME":"Munn Avenue","ELEVTYP_F":0,"ELEVTYP_T":0},"geometry":{"type":"LineString","coordinates":[[-74.033258147796,40.8736366459619],[-74.0326418938084,40.8735004719361],[-74.0323634435454,40.8734393672483]]}},{"type":"Feature","id":115348,"properties":{"OBJECTID":115348,"PRIMENAME":"West Main Street","ELEVTYP_F":0,"ELEVTYP_T":0},"geometry":{"type":"LineString","coordinates":[[-74.0360136124621,40.8824712895139],[-74.0355013603001,40.8821416523996],[-74.0353845500382,40.8820664834063],[-74.0351184854729,40.8818889396235],[-74.0350411533438,40.8818177811214],[-74.0349384045134,40.8816938449617],[-74.0348683640658,40.8815677891963],[-74.0348278894907,40.8814239007065],[-74.0347704433545,40.8807544262107],[-74.034679105018,40.8798535264286],[-74.034667939953,40.8797591378464],[-74.0346508277089,40.8796670037056],[-74.0346131245165,40.8795613355915],[-74.0345605314554,40.8794645293095],[-74.0344990148243,40.8793766899704],[-74.0344138429891,40.8792842531716],[-74.034328549432,40.8792142976073],[-74.0342314106095,40.8791420427256],[-74.0341224463801,40.8790697399977],[-74.0339985762619,40.8790086043312],[-74.0339012374468,40.878970028721],[-74.0337801605742,40.8789336085008],[-74.0336384122752,40.8788948531529],[-74.0334641023835,40.8788581894327],[-74.0333359295439,40.8788344281528],[-74.0330063463785,40.8787733297833]]}},{"type":"Feature","id":116708,"properties":{"OBJECTID":116708,"PRIMENAME":"Oakwood Avenue","ELEVTYP_F":0,"ELEVTYP_T":0},"geometry":{"type":"LineString","coordinates":[[-74.0280257717049,40.8705143120863],[-74.0276721345409,40.8704162153915],[-74.0267084230045,40.8701478173054]]}},{"type":"Feature","id":117298,"properties":{"OBJECTID":117298,"PRIMENAME":"West Shore Avenue","ELEVTYP_F":0,"ELEVTYP_T":0},"geometry":{"type":"LineString","coordinates":[[-74.0297645666198,40.8738783943925],[-74.030124170003,40.8729618150812]]}},{"type":"Feature","id":119330,"properties":{"OBJECTID":119330,"PRIMENAME":"Queen Anne Road","ELEVTYP_F":0,"ELEVTYP_T":0},"geometry":{"type":"LineString","coordinates":[[-74.0223456966699,40.8685748792297],[-74.0222815484174,40.8689071904039]]}},{"type":"Feature","id":119455,"properties":{"OBJECTID":119455,"PRIMENAME":"Degraw Avenue","ELEVTYP_F":0,"ELEVTYP_T":0},"geometry":{"type":"LineString","coordinates":[[-74.0231222953245,40.8761486929742],[-74.0229089705143,40.8760678240883]]}},{"type":"Feature","id":120158,"properties":{"OBJECTID":120158,"PRIMENAME":"Water Street","ELEVTYP_F":0,"ELEVTYP_T":0},"geometry":{"type":"LineString","coordinates":[[-74.0393655176267,40.8713028538008],[-74.0367414677549,40.871021285895]]}},{"type":"Feature","id":120676,"properties":{"OBJECTID":120676,"PRIMENAME":"Fischer Avenue","ELEVTYP_F":0,"ELEVTYP_T":0},"geometry":{"type":"LineString","coordinates":[[-74.0267084230045,40.8701478173054],[-74.0270208049628,40.8695184206638]]}},{"type":"Feature","id":120942,"properties":{"OBJECTID":120942,"PRIMENAME":"Fischer Avenue","ELEVTYP_F":0,"ELEVTYP_T":0},"geometry":{"type":"LineString","coordinates":[[-74.0264676800546,40.8693646853127],[-74.0267668286075,40.8687349062361]]}},{"type":"Feature","id":121852,"properties":{"OBJECTID":121852,"PRIMENAME":"Fairview Avenue","ELEVTYP_F":0,"ELEVTYP_T":0},"geometry":{"type":"LineString","coordinates":[[-74.0315167096679,40.8686482860424],[-74.0309521245288,40.86848859627],[-74.0297228615418,40.8681404729618],[-74.0292317120535,40.8680030345445]]}},{"type":"Feature","id":122069,"properties":{"OBJECTID":122069,"PRIMENAME":"East Fort Lee Road","ELEVTYP_F":0,"ELEVTYP_T":0},"geometry":{"type":"LineString","coordinates":[[-74.0275199852745,40.8756230466006],[-74.0273310078666,40.8755706400233],[-74.0266336307974,40.8753638588962]]}},{"type":"Feature","id":122684,"properties":{"OBJECTID":122684,"PRIMENAME":"Cane Street","ELEVTYP_F":0,"ELEVTYP_T":0},"geometry":{"type":"LineString","coordinates":[[-74.0223361031493,40.8788615569918],[-74.0239507214648,40.8794051421072]]}},{"type":"Feature","id":122729,"properties":{"OBJECTID":122729,"PRIMENAME":"Maplewood Avenue","ELEVTYP_F":0,"ELEVTYP_T":0},"geometry":{"type":"LineString","coordinates":[[-74.0283256978505,40.8698856300546],[-74.0288763627218,40.8700408558006],[-74.0308769555395,40.8705937733702],[-74.0310470088905,40.8706407703606]]}},{"type":"Feature","id":123387,"properties":{"OBJECTID":123387,"PRIMENAME":"Sixth Street","ELEVTYP_F":0,"ELEVTYP_T":0},"geometry":{"type":"LineString","coordinates":[[-74.0262778495114,40.8645231439384],[-74.0254682886158,40.8661550063597],[-74.0254495368894,40.8661832845712]]}},{"type":"Feature","id":124232,"properties":{"OBJECTID":124232,"PRIMENAME":"North Avenue","ELEVTYP_F":0,"ELEVTYP_T":0},"geometry":{"type":"LineString","coordinates":[[-74.0265545572886,40.8663611689697],[-74.0261291833109,40.8662969199659],[-74.0257013108286,40.8662279923651],[-74.0254495368894,40.8661832845712]]}},{"type":"Feature","id":124543,"properties":{"OBJECTID":124543,"PRIMENAME":"Dunn Avenue","ELEVTYP_F":0,"ELEVTYP_T":0},"geometry":{"type":"LineString","coordinates":[[-74.0235631286064,40.8706954136861],[-74.0234287805282,40.8709796457791],[-74.023265650088,40.8713187682263]]}},{"type":"Feature","id":125635,"properties":{"OBJECTID":125635,"PRIMENAME":"Elm Avenue","ELEVTYP_F":0,"ELEVTYP_T":0},"geometry":{"type":"LineString","coordinates":[[-74.0276419724413,40.8822450928796],[-74.0273742963444,40.8828972204588]]}},{"type":"Feature","id":126442,"properties":{"OBJECTID":126442,"PRIMENAME":"Second Street","ELEVTYP_F":0,"ELEVTYP_T":0},"geometry":{"type":"LineString","coordinates":[[-74.0310638350692,40.8642116591863],[-74.0309225454757,40.8644968889138],[-74.0303497035705,40.8656597593779]]}},{"type":"Feature","id":126730,"properties":{"OBJECTID":126730,"PRIMENAME":"Oak Street","ELEVTYP_F":0,"ELEVTYP_T":0},"geometry":{"type":"LineString","coordinates":[[-74.0222061932378,40.869299432145],[-74.0218438143165,40.8692324095628],[-74.0215911061429,40.8691847554284]]}},{"type":"Feature","id":126797,"properties":{"OBJECTID":126797,"PRIMENAME":"Queen Anne Road","ELEVTYP_F":0,"ELEVTYP_T":0},"geometry":{"type":"LineString","coordinates":[[-74.0216195943797,40.8722612631105],[-74.0214759891044,40.8729404792066],[-74.0214137531177,40.8731566043418]]}},{"type":"Feature","id":127253,"properties":{"OBJECTID":127253,"PRIMENAME":"Hudson Street","ELEVTYP_F":0,"ELEVTYP_T":0},"geometry":{"type":"LineString","coordinates":[[-74.0396800081357,40.8671829619846],[-74.0396958578761,40.8672229367134]]}},{"type":"Feature","id":128315,"properties":{"OBJECTID":128315,"PRIMENAME":"Bogert Street","ELEVTYP_F":0,"ELEVTYP_T":0},"geometry":{"type":"LineString","coordinates":[[-74.0254898774804,40.8740967885606],[-74.0253969911626,40.874996088314]]}},{"type":"Feature","id":130196,"properties":{"OBJECTID":130196,"PRIMENAME":"Walnut Street","ELEVTYP_F":0,"ELEVTYP_T":0},"geometry":{"type":"LineString","coordinates":[[-74.0214489497304,40.8698701233571],[-74.0216976304518,40.8699144704191],[-74.0220745514509,40.8699863033165]]}},{"type":"Feature","id":131224,"properties":{"OBJECTID":131224,"PRIMENAME":"Larch Avenue","ELEVTYP_F":0,"ELEVTYP_T":0},"geometry":{"type":"LineString","coordinates":[[-74.0323634435454,40.8734393672483],[-74.0321599715807,40.8740798419865],[-74.0318632814614,40.8751241584017]]}},{"type":"Feature","id":131598,"properties":{"OBJECTID":131598,"PRIMENAME":"Railroad Avenue","ELEVTYP_F":0,"ELEVTYP_T":0},"geometry":{"type":"LineString","coordinates":[[-74.0317329039678,40.8671086189307],[-74.031733036859,40.8671923130653]]}},{"type":"Feature","id":131619,"properties":{"OBJECTID":131619,"PRIMENAME":"Central Avenue","ELEVTYP_F":0,"ELEVTYP_T":0},"geometry":{"type":"LineString","coordinates":[[-74.0254898774804,40.8740967885606],[-74.0243149608194,40.8735419454723],[-74.0235986179258,40.8732005650445]]}},{"type":"Feature","id":132659,"properties":{"OBJECTID":132659,"PRIMENAME":"Terhune Street","ELEVTYP_F":0,"ELEVTYP_T":0},"geometry":{"type":"LineString","coordinates":[[-74.0244411765162,40.8839549753169],[-74.0239168164196,40.8838291524768]]}},{"type":"Feature","id":132683,"properties":{"OBJECTID":132683,"PRIMENAME":"Fairview Avenue","ELEVTYP_F":0,"ELEVTYP_T":0},"geometry":{"type":"LineString","coordinates":[[-74.0273751827018,40.8674875183139],[-74.0264637230851,40.8672350327327],[-74.0252705648716,40.8669092434537]]}},{"type":"Feature","id":134231,"properties":{"OBJECTID":134231,"PRIMENAME":"Queen Anne Road","ELEVTYP_F":0,"ELEVTYP_T":0},"geometry":{"type":"LineString","coordinates":[[-74.0220745514509,40.8699863033165],[-74.0220219491293,40.8702614300036]]}},{"type":"Feature","id":134824,"properties":{"OBJECTID":134824,"PRIMENAME":"Fischer Avenue","ELEVTYP_F":0,"ELEVTYP_T":0},"geometry":{"type":"LineString","coordinates":[[-74.027065163736,40.8681067692141],[-74.0273751827018,40.8674875183139]]}},{"type":"Feature","id":135991,"properties":{"OBJECTID":135991,"PRIMENAME":"Fairview Avenue","ELEVTYP_F":0,"ELEVTYP_T":0},"geometry":{"type":"LineString","coordinates":[[-74.0292317120535,40.8680030345445],[-74.0288206771869,40.8678880447254],[-74.0273751827018,40.8674875183139]]}},{"type":"Feature","id":136202,"properties":{"OBJECTID":136202,"PRIMENAME":"Terhune Street","ELEVTYP_F":0,"ELEVTYP_T":0},"geometry":{"type":"LineString","coordinates":[[-74.0254919604655,40.8842070888295],[-74.0247500233624,40.8840290718201]]}},{"type":"Feature","id":136636,"properties":{"OBJECTID":136636,"PRIMENAME":"Maplewood Avenue","ELEVTYP_F":0,"ELEVTYP_T":0},"geometry":{"type":"LineString","coordinates":[[-74.0224106316895,40.8682386456731],[-74.0240797489013,40.8687009572861]]}},{"type":"Feature","id":137746,"properties":{"OBJECTID":137746,"PRIMENAME":"Palisade Avenue","ELEVTYP_F":0,"ELEVTYP_T":0},"geometry":{"type":"LineString","coordinates":[[-74.0246808803821,40.8781483087778],[-74.0245345363392,40.8783941461422],[-74.0243158505945,40.8787728421131]]}},{"type":"Feature","id":138394,"properties":{"OBJECTID":138394,"PRIMENAME":"Queen Anne Road","ELEVTYP_F":1,"ELEVTYP_T":1},"geometry":{"type":"LineString","coordinates":[[-74.0228225228785,40.8662334398761],[-74.0227858578856,40.866384562374]]}},{"type":"Feature","id":138535,"properties":{"OBJECTID":138535,"PRIMENAME":"Dunn Avenue","ELEVTYP_F":0,"ELEVTYP_T":0},"geometry":{"type":"LineString","coordinates":[[-74.0249632875601,40.8668914826616],[-74.0246936857812,40.8674434778929]]}},{"type":"Feature","id":139083,"properties":{"OBJECTID":139083,"PRIMENAME":"Pine Street","ELEVTYP_F":0,"ELEVTYP_T":0},"geometry":{"type":"LineString","coordinates":[[-74.0232268753772,40.8806603485581],[-74.0227150054794,40.8804914490533],[-74.0218964032469,40.88021398886]]}},{"type":"Feature","id":139913,"properties":{"OBJECTID":139913,"PRIMENAME":"East Grove Street","ELEVTYP_F":0,"ELEVTYP_T":0},"geometry":{"type":"LineString","coordinates":[[-74.0235871257113,40.8800345914988],[-74.0232164533996,40.879910224158],[-74.0221169664813,40.879535588203]]}},{"type":"Feature","id":140519,"properties":{"OBJECTID":140519,"PRIMENAME":"Pine Street","ELEVTYP_F":0,"ELEVTYP_T":0},"geometry":{"type":"LineString","coordinates":[[-74.0218964032469,40.88021398886],[-74.0207382409362,40.8798323729103]]}},{"type":"Feature","id":141466,"properties":{"OBJECTID":141466,"PRIMENAME":"Palmer Avenue","ELEVTYP_F":0,"ELEVTYP_T":0},"geometry":{"type":"LineString","coordinates":[[-74.021083160836,40.8791986268027],[-74.0213860363311,40.8786421404898],[-74.0214349474883,40.8785594461296]]}},{"type":"Feature","id":141515,"properties":{"OBJECTID":141515,"PRIMENAME":"Homestead Place","ELEVTYP_F":0,"ELEVTYP_T":0},"geometry":{"type":"LineString","coordinates":[[-74.0319117662147,40.8830931020849],[-74.031906711333,40.8830919288434],[-74.0309591623889,40.8828725744346],[-74.0290334860969,40.8824186752217]]}},{"type":"Feature","id":142336,"properties":{"OBJECTID":142336,"PRIMENAME":"Oakwood Avenue","ELEVTYP_F":0,"ELEVTYP_T":0},"geometry":{"type":"LineString","coordinates":[[-74.0267084230045,40.8701478173054],[-74.0243377216346,40.8694875415989],[-74.0237777271429,40.8693295107358]]}},{"type":"Feature","id":142506,"properties":{"OBJECTID":142506,"PRIMENAME":"Salem Street Extension","ELEVTYP_F":0,"ELEVTYP_T":0},"geometry":{"type":"LineString","coordinates":[[-74.0367785606431,40.8829888442485],[-74.0363380464048,40.8826888718816],[-74.0362017469163,40.8825960561928],[-74.036101730025,40.8825279942963],[-74.0360136124621,40.8824712895139]]}},{"type":"Feature","id":142716,"properties":{"OBJECTID":142716,"PRIMENAME":"East Main Street","ELEVTYP_F":0,"ELEVTYP_T":0},"geometry":{"type":"LineString","coordinates":[[-74.0244289835825,40.8766743915463],[-74.0238317444948,40.8764317728719]]}},{"type":"Feature","id":143487,"properties":{"OBJECTID":143487,"PRIMENAME":"Hudson Street","ELEVTYP_F":0,"ELEVTYP_T":0},"geometry":{"type":"LineString","coordinates":[[-74.0395290499371,40.8668014713046],[-74.0395451836242,40.8668422153766]]}},{"type":"Feature","id":144498,"properties":{"OBJECTID":144498,"PRIMENAME":"West End Avenue","ELEVTYP_F":0,"ELEVTYP_T":0},"geometry":{"type":"LineString","coordinates":[[-74.0293278882362,40.874974068391],[-74.0291785718506,40.8749308143487],[-74.028850399949,40.8748357502985]]}},{"type":"Feature","id":144681,"properties":{"OBJECTID":144681,"PRIMENAME":"Palisade Avenue","ELEVTYP_F":0,"ELEVTYP_T":0},"geometry":{"type":"LineString","coordinates":[[-74.0243158505945,40.8787728421131],[-74.0239507214648,40.8794051421072]]}},{"type":"Feature","id":145076,"properties":{"OBJECTID":145076,"PRIMENAME":"West Grove Street","ELEVTYP_F":0,"ELEVTYP_T":0},"geometry":{"type":"LineString","coordinates":[[-74.0268142493142,40.8810133524721],[-74.0280327689413,40.8813014304941]]}},{"type":"Feature","id":145300,"properties":{"OBJECTID":145300,"PRIMENAME":"West Grove Street","ELEVTYP_F":0,"ELEVTYP_T":0},"geometry":{"type":"LineString","coordinates":[[-74.0280327689413,40.8813014304941],[-74.0288264782686,40.8814890533832],[-74.0293665811962,40.8816171686971]]}},{"type":"Feature","id":145609,"properties":{"OBJECTID":145609,"PRIMENAME":"Palisade Avenue","ELEVTYP_F":0,"ELEVTYP_T":0},"geometry":{"type":"LineString","coordinates":[[-74.0229841487478,40.8810864059873],[-74.0228647697538,40.8812918612751]]}},{"type":"Feature","id":145639,"properties":{"OBJECTID":145639,"PRIMENAME":"East Fort Lee Road","ELEVTYP_F":0,"ELEVTYP_T":0},"geometry":{"type":"LineString","coordinates":[[-74.0257859940401,40.875112536038],[-74.0253969911626,40.874996088314]]}},{"type":"Feature","id":145788,"properties":{"OBJECTID":145788,"PRIMENAME":"Main Street","ELEVTYP_F":1,"ELEVTYP_T":1},"geometry":{"type":"LineString","coordinates":[[-74.0228428285233,40.8661498032651],[-74.0228225228785,40.8662334398761]]}},{"type":"Feature","id":145848,"properties":{"OBJECTID":145848,"PRIMENAME":"Palisade Avenue","ELEVTYP_F":0,"ELEVTYP_T":0},"geometry":{"type":"LineString","coordinates":[[-74.0251529074666,40.8769678714213],[-74.0250164071213,40.8773853632192]]}},{"type":"Feature","id":146395,"properties":{"OBJECTID":146395,"PRIMENAME":"Dunn Avenue","ELEVTYP_F":0,"ELEVTYP_T":0},"geometry":{"type":"LineString","coordinates":[[-74.0237777271429,40.8693295107358],[-74.0234799797795,40.8699562690307]]}},{"type":"Feature","id":154250,"properties":{"OBJECTID":154250,"PRIMENAME":"West Shore Avenue","ELEVTYP_F":0,"ELEVTYP_T":0},"geometry":{"type":"LineString","coordinates":[[-74.0307921396402,40.8712775208938],[-74.0310470088905,40.8706407703606]]}},{"type":"Feature","id":158182,"properties":{"OBJECTID":158182,"PRIMENAME":"Second Street","ELEVTYP_F":1,"ELEVTYP_T":0},"geometry":{"type":"LineString","coordinates":[[-74.0295955025818,40.8672626704662],[-74.0295372169887,40.8673865844586]]}},{"type":"Feature","id":158394,"properties":{"OBJECTID":158394,"PRIMENAME":"Bergen Avenue","ELEVTYP_F":0,"ELEVTYP_T":0},"geometry":{"type":"LineString","coordinates":[[-74.0208951211849,40.86759341997],[-74.0207952420718,40.8678977588409],[-74.0206731477438,40.8682697848841]]}},{"type":"Feature","id":166988,"properties":{"OBJECTID":166988,"PRIMENAME":"West Broad Street","ELEVTYP_F":0,"ELEVTYP_T":0},"geometry":{"type":"LineString","coordinates":[[-74.0304128494977,40.8790720174396],[-74.0290612953804,40.8787605973864]]}},{"type":"Feature","id":167295,"properties":{"OBJECTID":167295,"PRIMENAME":"River Road","ELEVTYP_F":0,"ELEVTYP_T":0},"geometry":{"type":"LineString","coordinates":[[-74.0340634577582,40.873814562753],[-74.0340687754781,40.8738348416387],[-74.0340871775623,40.8739438902536],[-74.0341018967908,40.8740622845043],[-74.0340932078086,40.8742184360243],[-74.034068544356,40.8743836097546],[-74.0339610896553,40.874752095587],[-74.0338019333367,40.8753353831918]]}},{"type":"Feature","id":172819,"properties":{"OBJECTID":172819,"PRIMENAME":"East Main Street","ELEVTYP_F":0,"ELEVTYP_T":0},"geometry":{"type":"LineString","coordinates":[[-74.0284399366787,40.877825352569],[-74.0279935701412,40.8777266481345],[-74.027730383218,40.8776684486491]]}},{"type":"Feature","id":173079,"properties":{"OBJECTID":173079,"PRIMENAME":"Leonia Avenue","ELEVTYP_F":0,"ELEVTYP_T":0},"geometry":{"type":"LineString","coordinates":[[-74.028850399949,40.8748357502985],[-74.0283689928209,40.8758054363805],[-74.0283860853952,40.8758632048142]]}},{"type":"Feature","id":173413,"properties":{"OBJECTID":173413,"PRIMENAME":"Center Place","ELEVTYP_F":0,"ELEVTYP_T":0},"geometry":{"type":"LineString","coordinates":[[-74.0315911127704,40.8847699720634],[-74.0308106004865,40.884586512305],[-74.0299173132199,40.8843684399639],[-74.0290945445976,40.8841828205156],[-74.0283815519462,40.8840021721781]]}},{"type":"Feature","id":175467,"properties":{"OBJECTID":175467,"PRIMENAME":"Palisade Avenue","ELEVTYP_F":0,"ELEVTYP_T":0},"geometry":{"type":"LineString","coordinates":[[-74.0286296934489,40.8692483993775],[-74.0283256978505,40.8698856300546]]}},{"type":"Feature","id":177741,"properties":{"OBJECTID":177741,"PRIMENAME":"Palisade Avenue","ELEVTYP_F":0,"ELEVTYP_T":0},"geometry":{"type":"LineString","coordinates":[[-74.0250164071213,40.8773853632192],[-74.0248923809042,40.8777139156329],[-74.0248665990447,40.8777822130096]]}},{"type":"Feature","id":179211,"properties":{"OBJECTID":179211,"PRIMENAME":"East Main Street","ELEVTYP_F":0,"ELEVTYP_T":0},"geometry":{"type":"LineString","coordinates":[[-74.0251529074666,40.8769678714213],[-74.024942063895,40.8768830900359],[-74.0244289835825,40.8766743915463]]}},{"type":"Feature","id":181017,"properties":{"OBJECTID":181017,"PRIMENAME":"River Road","ELEVTYP_F":0,"ELEVTYP_T":0},"geometry":{"type":"LineString","coordinates":[[-74.0322807233387,40.8811950480561],[-74.0322358340563,40.8814220370075]]}},{"type":"Feature","id":181341,"properties":{"OBJECTID":181341,"PRIMENAME":"Walnut Avenue","ELEVTYP_F":0,"ELEVTYP_T":0},"geometry":{"type":"LineString","coordinates":[[-74.0264004380338,40.8707683379533],[-74.0264986043947,40.8707950367051],[-74.027722384008,40.8711406466136]]}},{"type":"Feature","id":181764,"properties":{"OBJECTID":181764,"PRIMENAME":"Palisade Avenue","ELEVTYP_F":0,"ELEVTYP_T":0},"geometry":{"type":"LineString","coordinates":[[-74.0218158197554,40.8841845766578],[-74.0217300283889,40.8844040286793],[-74.0216410121404,40.8846227396893],[-74.021619145975,40.8846765991212],[-74.021595463864,40.8847300144444],[-74.0215699814356,40.8847829503993],[-74.0215427155067,40.8848353720427],[-74.0215136840714,40.8848872447707],[-74.0214829062894,40.884938534342],[-74.0214504024736,40.8849892068998],[-74.0214161940759,40.8850392289947]]}},{"type":"Feature","id":183089,"properties":{"OBJECTID":183089,"PRIMENAME":"Ridgefield Avenue","ELEVTYP_F":0,"ELEVTYP_T":0},"geometry":{"type":"LineString","coordinates":[[-74.0275199852745,40.8756230466006],[-74.0280220632066,40.8745958320283]]}},{"type":"Feature","id":184830,"properties":{"OBJECTID":184830,"PRIMENAME":"Interstate 80","ELEVTYP_F":0,"ELEVTYP_T":0},"geometry":{"type":"LineString","coordinates":[[-74.0288919301333,40.8672053289674],[-74.0289450240125,40.8672098649378],[-74.0292330490698,40.8672371726536],[-74.0295235071937,40.8672581495601],[-74.0295955025818,40.8672626704662]]}},{"type":"Feature","id":184925,"properties":{"OBJECTID":184925,"PRIMENAME":"West Shore Avenue","ELEVTYP_F":0,"ELEVTYP_T":0},"geometry":{"type":"LineString","coordinates":[[-74.0315167096679,40.8686482860424],[-74.0314717346614,40.8687947485828],[-74.0314282213742,40.8689364476212],[-74.0314121056527,40.8690220236543],[-74.0314229265807,40.8691283249595],[-74.0314417913237,40.8692170627018],[-74.0314740609452,40.8692611406933]]}},{"type":"Feature","id":186587,"properties":{"OBJECTID":186587,"PRIMENAME":"Lynn Court","ELEVTYP_F":0,"ELEVTYP_T":0},"geometry":{"type":"LineString","coordinates":[[-74.0318517196561,40.8834074284908],[-74.0321788628521,40.8834420246418],[-74.0326130907923,40.8834928912383],[-74.0328808998494,40.8835407498567],[-74.0335604040223,40.8837040854667],[-74.0337024286741,40.8837382238984]]}},{"type":"Feature","id":187658,"properties":{"OBJECTID":187658,"PRIMENAME":"Griggs Avenue","ELEVTYP_F":0,"ELEVTYP_T":0},"geometry":{"type":"LineString","coordinates":[[-74.0222849876899,40.8827157571816],[-74.0226289484102,40.8828284203135]]}},{"type":"Feature","id":189439,"properties":{"OBJECTID":189439,"PRIMENAME":"South River Street","ELEVTYP_F":0,"ELEVTYP_T":0},"geometry":{"type":"LineString","coordinates":[[-74.0384518755723,40.868981235471],[-74.0388272723117,40.8699259264623],[-74.0393435593885,40.871241526465],[-74.0393655176267,40.8713028538008]]}},{"type":"Feature","id":190986,"properties":{"OBJECTID":190986,"PRIMENAME":"Elm Avenue","ELEVTYP_F":0,"ELEVTYP_T":0},"geometry":{"type":"LineString","coordinates":[[-74.0293546160577,40.8780270433585],[-74.0290612953804,40.8787605973864]]}},{"type":"Feature","id":191254,"properties":{"OBJECTID":191254,"PRIMENAME":"Court Street","ELEVTYP_F":0,"ELEVTYP_T":0},"geometry":{"type":"LineString","coordinates":[[-74.0398604019732,40.8791700162619],[-74.0396794254607,40.8791712294578]]}},{"type":"Feature","id":191669,"properties":{"OBJECTID":191669,"PRIMENAME":"Gray Street","ELEVTYP_F":0,"ELEVTYP_T":0},"geometry":{"type":"LineString","coordinates":[[-74.0225571390004,40.8781816686397],[-74.0243158505945,40.8787728421131]]}},{"type":"Feature","id":192486,"properties":{"OBJECTID":192486,"PRIMENAME":"Degraw Avenue","ELEVTYP_F":0,"ELEVTYP_T":0},"geometry":{"type":"LineString","coordinates":[[-74.0223244647714,40.8758461659753],[-74.0215261732853,40.8755434118011]]}},{"type":"Feature","id":194397,"properties":{"OBJECTID":194397,"PRIMENAME":"River Road","ELEVTYP_F":0,"ELEVTYP_T":0},"geometry":{"type":"LineString","coordinates":[[-74.0318120777999,40.8836134003236],[-74.0318010381145,40.883670763998],[-74.0317514240427,40.8839314138086]]}},{"type":"Feature","id":194981,"properties":{"OBJECTID":194981,"PRIMENAME":"East Fort Lee Road","ELEVTYP_F":0,"ELEVTYP_T":0},"geometry":{"type":"LineString","coordinates":[[-74.0266336307974,40.8753638588962],[-74.0257859940401,40.875112536038]]}},{"type":"Feature","id":196920,"properties":{"OBJECTID":196920,"PRIMENAME":"West Park Place","ELEVTYP_F":0,"ELEVTYP_T":0},"geometry":{"type":"LineString","coordinates":[[-74.0322807233387,40.8811950480561],[-74.0332839698988,40.8813084706794]]}},{"type":"Feature","id":197332,"properties":{"OBJECTID":197332,"PRIMENAME":"Larch Avenue","ELEVTYP_F":0,"ELEVTYP_T":0},"geometry":{"type":"LineString","coordinates":[[-74.0304128494977,40.8790720174396],[-74.03002432201,40.8800191134191]]}},{"type":"Feature","id":200087,"properties":{"OBJECTID":200087,"PRIMENAME":"Elm Avenue","ELEVTYP_F":0,"ELEVTYP_T":0},"geometry":{"type":"LineString","coordinates":[[-74.0293546160577,40.8780270433585],[-74.0294819117439,40.8777327291818],[-74.0299165426804,40.8767278223261],[-74.0300396523309,40.8763942373094],[-74.0300482959829,40.8762918589449]]}},{"type":"Feature","id":201533,"properties":{"OBJECTID":201533,"PRIMENAME":"Third Street","ELEVTYP_F":0,"ELEVTYP_T":0},"geometry":{"type":"LineString","coordinates":[[-74.0287316030687,40.866640570363],[-74.0293345371826,40.8653744842092]]}},{"type":"Feature","id":204544,"properties":{"OBJECTID":204544,"PRIMENAME":"Beechwood Avenue","ELEVTYP_F":0,"ELEVTYP_T":0},"geometry":{"type":"LineString","coordinates":[[-74.0302778771812,40.8725699414916],[-74.0294051027963,40.8723276015964],[-74.028442741782,40.872057769132],[-74.0274115435189,40.8717718353213]]}},{"type":"Feature","id":206358,"properties":{"OBJECTID":206358,"PRIMENAME":"South River Street","ELEVTYP_F":0,"ELEVTYP_T":0},"geometry":{"type":"LineString","coordinates":[[-74.0381692474328,40.868269081584],[-74.0384341068823,40.8689364492642],[-74.0384518755723,40.868981235471]]}},{"type":"Feature","id":207987,"properties":{"OBJECTID":207987,"PRIMENAME":"West Shore Avenue","ELEVTYP_F":0,"ELEVTYP_T":0},"geometry":{"type":"LineString","coordinates":[[-74.0293278882362,40.874974068391],[-74.0295234618799,40.8744930744669],[-74.0297645666198,40.8738783943925]]}},{"type":"Feature","id":216321,"properties":{"OBJECTID":216321,"PRIMENAME":"Dunn Avenue","ELEVTYP_F":0,"ELEVTYP_T":0},"geometry":{"type":"LineString","coordinates":[[-74.023265650088,40.8713187682263],[-74.0229749189279,40.8719232648902]]}},{"type":"Feature","id":217900,"properties":{"OBJECTID":217900,"PRIMENAME":"Palisade Avenue","ELEVTYP_F":0,"ELEVTYP_T":0},"geometry":{"type":"LineString","coordinates":[[-74.0248665990447,40.8777822130096],[-74.0247518562543,40.8780290588941],[-74.0246808803821,40.8781483087778]]}},{"type":"Feature","id":218599,"properties":{"OBJECTID":218599,"PRIMENAME":"Linden Avenue","ELEVTYP_F":0,"ELEVTYP_T":0},"geometry":{"type":"LineString","coordinates":[[-74.0261522905635,40.882607447045],[-74.0263189034482,40.882195516485],[-74.0263927335446,40.8820129755855],[-74.0263933152857,40.8820115983044],[-74.0264439474258,40.8818915272586]]}},{"type":"Feature","id":218805,"properties":{"OBJECTID":218805,"PRIMENAME":"Elmwood Avenue","ELEVTYP_F":0,"ELEVTYP_T":0},"geometry":{"type":"LineString","coordinates":[[-74.0218814581,40.87094134599],[-74.0223589688204,40.8710605613624],[-74.023265650088,40.8713187682263]]}},{"type":"Feature","id":219288,"properties":{"OBJECTID":219288,"PRIMENAME":"Chestnut Avenue","ELEVTYP_F":0,"ELEVTYP_T":0},"geometry":{"type":"LineString","coordinates":[[-74.0244411765162,40.8839549753169],[-74.0244098152323,40.884031319494],[-74.0240790789484,40.88483669164]]}},{"type":"Feature","id":219762,"properties":{"OBJECTID":219762,"PRIMENAME":"Linwood Avenue","ELEVTYP_F":0,"ELEVTYP_T":0},"geometry":{"type":"LineString","coordinates":[[-74.0293854249102,40.8737737482225],[-74.0297645666198,40.8738783943925]]}},{"type":"Feature","id":220999,"properties":{"OBJECTID":220999,"PRIMENAME":"Interstate 80","ELEVTYP_F":0,"ELEVTYP_T":0},"geometry":{"type":"LineString","coordinates":[[-74.0341979490628,40.8672814570282],[-74.034240224658,40.8672806947485],[-74.0351278099618,40.8672647311114],[-74.0356198626915,40.8672544896797]]}},{"type":"Feature","id":221086,"properties":{"OBJECTID":221086,"PRIMENAME":"South Street","ELEVTYP_F":0,"ELEVTYP_T":0},"geometry":{"type":"LineString","coordinates":[[-74.03002432201,40.8800191134191],[-74.0298499706783,40.8799777773292],[-74.0286841666336,40.8797042628277]]}},{"type":"Feature","id":222924,"properties":{"OBJECTID":222924,"PRIMENAME":"Interstate 80","ELEVTYP_F":1,"ELEVTYP_T":0},"geometry":{"type":"LineString","coordinates":[[-74.0317331903135,40.8673246200626],[-74.0321612736502,40.8673241885452],[-74.0328017129086,40.8673089422243],[-74.0333950383276,40.8672934738539],[-74.0339930134501,40.867285159136],[-74.0341979490628,40.8672814570282]]}},{"type":"Feature","id":224296,"properties":{"OBJECTID":224296,"PRIMENAME":"River Road","ELEVTYP_F":0,"ELEVTYP_T":0},"geometry":{"type":"LineString","coordinates":[[-74.0330063463785,40.8787733297833],[-74.0329596246471,40.8789272143596],[-74.0328250330761,40.8792956159566],[-74.0325831738808,40.8800031870213]]}},{"type":"Feature","id":224727,"properties":{"OBJECTID":224727,"PRIMENAME":"Beechwood Avenue","ELEVTYP_F":0,"ELEVTYP_T":0},"geometry":{"type":"LineString","coordinates":[[-74.0235631286064,40.8706954136861],[-74.0232474345466,40.8706067378212],[-74.0220219491293,40.8702614300036]]}},{"type":"Feature","id":225856,"properties":{"OBJECTID":225856,"PRIMENAME":"Fourth Street","ELEVTYP_F":0,"ELEVTYP_T":0},"geometry":{"type":"LineString","coordinates":[[-74.0283163476925,40.8650883367027],[-74.0276157514193,40.866519867583]]}},{"type":"Feature","id":225874,"properties":{"OBJECTID":225874,"PRIMENAME":"Beechwood Avenue","ELEVTYP_F":0,"ELEVTYP_T":0},"geometry":{"type":"LineString","coordinates":[[-74.0274115435189,40.8717718353213],[-74.0262134042073,40.8714395856437],[-74.0235631286064,40.8706954136861]]}},{"type":"Feature","id":226014,"properties":{"OBJECTID":226014,"PRIMENAME":"Feller Place","ELEVTYP_F":0,"ELEVTYP_T":0},"geometry":{"type":"LineString","coordinates":[[-74.0332839698988,40.8813084706794],[-74.0333313632445,40.8813266963197],[-74.0333430661108,40.8813598206337],[-74.0333266194142,40.8814408943717],[-74.0331987280828,40.8821677575043]]}},{"type":"Feature","id":226041,"properties":{"OBJECTID":226041,"PRIMENAME":"Elmwood Avenue","ELEVTYP_F":0,"ELEVTYP_T":0},"geometry":{"type":"LineString","coordinates":[[-74.023265650088,40.8713187682263],[-74.0237648779273,40.8714609870266],[-74.0255693134934,40.8719659164798],[-74.0270129250094,40.872363575791],[-74.0271334875423,40.8723380202417]]}},{"type":"Feature","id":226652,"properties":{"OBJECTID":226652,"PRIMENAME":"North Avenue","ELEVTYP_F":0,"ELEVTYP_T":0},"geometry":{"type":"LineString","coordinates":[[-74.0276157514193,40.866519867583],[-74.027333829988,40.8664788840685],[-74.0265545572886,40.8663611689697]]}},{"type":"Feature","id":227524,"properties":{"OBJECTID":227524,"PRIMENAME":"Cypress Avenue","ELEVTYP_F":0,"ELEVTYP_T":0},"geometry":{"type":"LineString","coordinates":[[-74.027065163736,40.8681067692141],[-74.0289268925322,40.8686254131978]]}},{"type":"Feature","id":229188,"properties":{"OBJECTID":229188,"PRIMENAME":"Larch Avenue","ELEVTYP_F":0,"ELEVTYP_T":0},"geometry":{"type":"LineString","coordinates":[[-74.0314075436782,40.876628895624],[-74.0312308276333,40.8770983302678],[-74.0309640296689,40.8777387657149],[-74.0307236758402,40.878315707212]]}},{"type":"Feature","id":229690,"properties":{"OBJECTID":229690,"PRIMENAME":"Queen Anne Road","ELEVTYP_F":0,"ELEVTYP_T":0},"geometry":{"type":"LineString","coordinates":[[-74.0225361118291,40.8675529290432],[-74.0224106316895,40.8682386456731]]}},{"type":"Feature","id":230278,"properties":{"OBJECTID":230278,"PRIMENAME":"Palisade Avenue","ELEVTYP_F":0,"ELEVTYP_T":0},"geometry":{"type":"LineString","coordinates":[[-74.0267819251952,40.8730545726199],[-74.0262756113042,40.8740864854425]]}},{"type":"Feature","id":230318,"properties":{"OBJECTID":230318,"PRIMENAME":"Preston Street","ELEVTYP_F":0,"ELEVTYP_T":0},"geometry":{"type":"LineString","coordinates":[[-74.027912959,40.8772025835702],[-74.0269221775928,40.8769128313335]]}},{"type":"Feature","id":232921,"properties":{"OBJECTID":232921,"PRIMENAME":"Broad Street","ELEVTYP_F":0,"ELEVTYP_T":0},"geometry":{"type":"LineString","coordinates":[[-74.0286039816661,40.8786550945582],[-74.0283550689585,40.878597723024]]}},{"type":"Feature","id":234245,"properties":{"OBJECTID":234245,"PRIMENAME":"Ridgefield Avenue","ELEVTYP_F":0,"ELEVTYP_T":0},"geometry":{"type":"LineString","coordinates":[[-74.0280220632066,40.8745958320283],[-74.0285382528673,40.8735397410623]]}},{"type":"Feature","id":234649,"properties":{"OBJECTID":234649,"PRIMENAME":"Griggs Avenue","ELEVTYP_F":0,"ELEVTYP_T":0},"geometry":{"type":"LineString","coordinates":[[-74.0196376267723,40.8819077153569],[-74.0210486702658,40.8823328174855],[-74.0222849876899,40.8827157571816]]}},{"type":"Feature","id":235390,"properties":{"OBJECTID":235390,"PRIMENAME":"Elm Avenue","ELEVTYP_F":0,"ELEVTYP_T":0},"geometry":{"type":"LineString","coordinates":[[-74.0273742963444,40.8828972204588],[-74.0268468329186,40.8841825426237],[-74.0267183884912,40.8844941144961]]}},{"type":"Feature","id":235760,"properties":{"OBJECTID":235760,"PRIMENAME":"Queen Anne Road","ELEVTYP_F":0,"ELEVTYP_T":1},"geometry":{"type":"LineString","coordinates":[[-74.0229344381162,40.8657723704472],[-74.0228794934461,40.8659986537253]]}},{"type":"Feature","id":236081,"properties":{"OBJECTID":236081,"PRIMENAME":"Fifth Street","ELEVTYP_F":0,"ELEVTYP_T":0},"geometry":{"type":"LineString","coordinates":[[-74.0265545572886,40.8663611689697],[-74.0268230439025,40.8657953850561],[-74.0271783371048,40.8650877679439],[-74.0273023349871,40.8648060958923]]}},{"type":"Feature","id":236717,"properties":{"OBJECTID":236717,"PRIMENAME":"Linwood Avenue","ELEVTYP_F":0,"ELEVTYP_T":0},"geometry":{"type":"LineString","coordinates":[[-74.0276836886219,40.8733036936422],[-74.0285382528673,40.8735397410623]]}},{"type":"Feature","id":236965,"properties":{"OBJECTID":236965,"PRIMENAME":"Elm Avenue","ELEVTYP_F":0,"ELEVTYP_T":0},"geometry":{"type":"LineString","coordinates":[[-74.0305241296349,40.8748181722064],[-74.0305242077816,40.8748180266323],[-74.0309293279306,40.8737326320935],[-74.0311065140321,40.8732724222701],[-74.0311274540936,40.8732258434949],[-74.0311593099001,40.87317510883]]}},{"type":"Feature","id":237171,"properties":{"OBJECTID":237171,"PRIMENAME":"Queen Anne Road","ELEVTYP_F":1,"ELEVTYP_T":0},"geometry":{"type":"LineString","coordinates":[[-74.0227858578856,40.866384562374],[-74.0226652104818,40.8668815012024]]}},{"type":"Feature","id":237665,"properties":{"OBJECTID":237665,"PRIMENAME":"Main Street","ELEVTYP_F":1,"ELEVTYP_T":1},"geometry":{"type":"LineString","coordinates":[[-74.0228794934461,40.8659986537253],[-74.0228428285233,40.8661498032651]]}},{"type":"Feature","id":240445,"properties":{"OBJECTID":240445,"PRIMENAME":"Queens Court","ELEVTYP_F":0,"ELEVTYP_T":0},"geometry":{"type":"LineString","coordinates":[[-74.0216626950094,40.8781751115245],[-74.0202329048764,40.877694628538],[-74.0197540513115,40.8775337034306]]}},{"type":"Feature","id":240495,"properties":{"OBJECTID":240495,"PRIMENAME":"Cane Street","ELEVTYP_F":0,"ELEVTYP_T":0},"geometry":{"type":"LineString","coordinates":[[-74.0239507214648,40.8794051421072],[-74.0245071200109,40.8795924184119],[-74.0261089756753,40.8801210703107]]}},{"type":"Feature","id":241545,"properties":{"OBJECTID":241545,"PRIMENAME":"Linden Avenue","ELEVTYP_F":0,"ELEVTYP_T":0},"geometry":{"type":"LineString","coordinates":[[-74.0281207283383,40.8795379313808],[-74.0281204446631,40.879538112135],[-74.0280917898234,40.8795704126546],[-74.0280665074244,40.8796268829075],[-74.0279292271621,40.8799471764648],[-74.0279039813247,40.8799982938504],[-74.0278753430514,40.8800332294435],[-74.0278288929693,40.8800707821112],[-74.0277753547155,40.8801083057399],[-74.027225034039,40.8805644008571],[-74.0271142227568,40.8806610080174],[-74.0269963409337,40.8807548951763],[-74.026946249798,40.8808059104518],[-74.0269282621181,40.8808381994886],[-74.0269031314726,40.8808731492206],[-74.0268142493142,40.8810133524721]]}},{"type":"Feature","id":241558,"properties":{"OBJECTID":241558,"PRIMENAME":"Wysocki Place","ELEVTYP_F":0,"ELEVTYP_T":0},"geometry":{"type":"LineString","coordinates":[[-74.0405180208985,40.8692800911841],[-74.0384518755723,40.868981235471]]}},{"type":"Feature","id":241729,"properties":{"OBJECTID":241729,"PRIMENAME":"Farrant Terrace","ELEVTYP_F":0,"ELEVTYP_T":0},"geometry":{"type":"LineString","coordinates":[[-74.0204821780084,40.875940140068],[-74.0205764864797,40.8759760514294],[-74.0223609241505,40.8766553878368],[-74.0223923394959,40.8766614828766],[-74.0224247002533,40.8766630359014],[-74.0224568768032,40.8766599926996],[-74.0224877459565,40.8766524595004],[-74.022516230162,40.8766406992657],[-74.0225413351215,40.8766251225106],[-74.0225621844979,40.8766062729734],[-74.0225780505059,40.8765848086348],[-74.0229089705143,40.8760678240883]]}},{"type":"Feature","id":241917,"properties":{"OBJECTID":241917,"PRIMENAME":"Seventh Street","ELEVTYP_F":0,"ELEVTYP_T":0},"geometry":{"type":"LineString","coordinates":[[-74.0244377304659,40.8659205169426],[-74.0244693503741,40.8658421139689],[-74.0251928696958,40.8643987837295],[-74.0252753482127,40.8642311875054]]}},{"type":"Feature","id":243573,"properties":{"OBJECTID":243573,"PRIMENAME":"Munn Avenue","ELEVTYP_F":0,"ELEVTYP_T":0},"geometry":{"type":"LineString","coordinates":[[-74.0340634577582,40.873814562753],[-74.033258147796,40.8736366459619]]}},{"type":"Feature","id":245036,"properties":{"OBJECTID":245036,"PRIMENAME":"Hudson Street","ELEVTYP_F":0,"ELEVTYP_T":0},"geometry":{"type":"LineString","coordinates":[[-74.0394520065563,40.866606903469],[-74.0395290499371,40.8668014713046]]}},{"type":"Feature","id":246349,"properties":{"OBJECTID":246349,"PRIMENAME":"Central Avenue","ELEVTYP_F":0,"ELEVTYP_T":0},"geometry":{"type":"LineString","coordinates":[[-74.0235986179258,40.8732005650445],[-74.023425272456,40.8731179674052],[-74.0216195943797,40.8722612631105]]}},{"type":"Feature","id":246462,"properties":{"OBJECTID":246462,"PRIMENAME":"West Main Street","ELEVTYP_F":0,"ELEVTYP_T":0},"geometry":{"type":"LineString","coordinates":[[-74.0319717272459,40.8785704302518],[-74.0316380269369,40.8785049813332],[-74.0310973470905,40.8783949910072],[-74.0307236758402,40.878315707212]]}},{"type":"Feature","id":248337,"properties":{"OBJECTID":248337,"PRIMENAME":"East Broad Street","ELEVTYP_F":0,"ELEVTYP_T":0},"geometry":{"type":"LineString","coordinates":[[-74.0274514719159,40.8783671011407],[-74.0248665990447,40.8777822130096]]}},{"type":"Feature","id":249119,"properties":{"OBJECTID":249119,"PRIMENAME":"Second Street","ELEVTYP_F":1,"ELEVTYP_T":1},"geometry":{"type":"LineString","coordinates":[[-74.0297738262479,40.8668858028733],[-74.0297069453322,40.8670271691932]]}},{"type":"Feature","id":250447,"properties":{"OBJECTID":250447,"PRIMENAME":"Leonia Avenue","ELEVTYP_F":0,"ELEVTYP_T":0},"geometry":{"type":"LineString","coordinates":[[-74.0283860853952,40.8758632048142],[-74.0283910665773,40.8758798595879],[-74.0284056995103,40.8759428331551],[-74.0281699763225,40.8765455086632]]}},{"type":"Feature","id":252241,"properties":{"OBJECTID":252241,"PRIMENAME":"Palisade Avenue","ELEVTYP_F":0,"ELEVTYP_T":0},"geometry":{"type":"LineString","coordinates":[[-74.0255790590799,40.8757423624397],[-74.0255627200083,40.8757921155996],[-74.0253551005519,40.8763802982092]]}},{"type":"Feature","id":252273,"properties":{"OBJECTID":252273,"PRIMENAME":"Palisade Avenue","ELEVTYP_F":0,"ELEVTYP_T":0},"geometry":{"type":"LineString","coordinates":[[-74.0257859940401,40.875112536038],[-74.0255790590799,40.8757423624397]]}},{"type":"Feature","id":252949,"properties":{"OBJECTID":252949,"PRIMENAME":"Linwood Avenue","ELEVTYP_F":0,"ELEVTYP_T":0},"geometry":{"type":"LineString","coordinates":[[-74.0242677975028,40.8723711163657],[-74.0246728329211,40.8724883481481],[-74.0256530960007,40.8727515061724]]}},{"type":"Feature","id":256591,"properties":{"OBJECTID":256591,"PRIMENAME":"Dunn Avenue","ELEVTYP_F":0,"ELEVTYP_T":0},"geometry":{"type":"LineString","coordinates":[[-74.0243855094881,40.8680746427936],[-74.0240797489013,40.8687009572861]]}},{"type":"Feature","id":257652,"properties":{"OBJECTID":257652,"PRIMENAME":"James Street","ELEVTYP_F":0,"ELEVTYP_T":0},"geometry":{"type":"LineString","coordinates":[[-74.0223244647714,40.8758461659753],[-74.0223620616589,40.8757323519977],[-74.0229300320023,40.8740155472145],[-74.0229643818511,40.8739405872301],[-74.0230137942437,40.873877878726]]}},{"type":"Feature","id":257770,"properties":{"OBJECTID":257770,"PRIMENAME":"Park Place","ELEVTYP_F":0,"ELEVTYP_T":0},"geometry":{"type":"LineString","coordinates":[[-74.0297032458859,40.8808109269478],[-74.0322358340563,40.8814220370075]]}},{"type":"Feature","id":261318,"properties":{"OBJECTID":261318,"PRIMENAME":"Palisade Avenue","ELEVTYP_F":0,"ELEVTYP_T":0},"geometry":{"type":"LineString","coordinates":[[-74.0283256978505,40.8698856300546],[-74.0280257717049,40.8705143120863]]}},{"type":"Feature","id":261888,"properties":{"OBJECTID":261888,"PRIMENAME":"East Broadway","ELEVTYP_F":0,"ELEVTYP_T":0},"geometry":{"type":"LineString","coordinates":[[-74.0404559148395,40.8744187870181],[-74.0390851986747,40.8747288213941],[-74.0375689734753,40.8750771769645],[-74.0366846074727,40.8752803509368],[-74.0366564373698,40.8752879316453],[-74.0366301512044,40.875298728699],[-74.0366063817602,40.8753124821823],[-74.0365857012369,40.8753288610096],[-74.0365686074763,40.8753474708957],[-74.0365555119777,40.875367863847],[-74.0365467299915,40.8753895489459],[-74.0365424729301,40.8754120041688]]}},{"type":"Feature","id":265045,"properties":{"OBJECTID":265045,"PRIMENAME":"Palisade Avenue","ELEVTYP_F":0,"ELEVTYP_T":0},"geometry":{"type":"LineString","coordinates":[[-74.0274115435189,40.8717718353213],[-74.0273228237832,40.8719521440264],[-74.0271334875423,40.8723380202417]]}},{"type":"Feature","id":265660,"properties":{"OBJECTID":265660,"PRIMENAME":"Chestnut Avenue","ELEVTYP_F":0,"ELEVTYP_T":0},"geometry":{"type":"LineString","coordinates":[[-74.0313074994513,40.869995861253],[-74.0311123628839,40.8699413726061],[-74.0306445474866,40.8698107371175],[-74.0286296934489,40.8692483993775]]}},{"type":"Feature","id":269080,"properties":{"OBJECTID":269080,"PRIMENAME":"Walnut Avenue","ELEVTYP_F":0,"ELEVTYP_T":0},"geometry":{"type":"LineString","coordinates":[[-74.0238529058398,40.8700611008021],[-74.0254309434257,40.870504709103],[-74.0264004380338,40.8707683379533]]}},{"type":"Feature","id":269867,"properties":{"OBJECTID":269867,"PRIMENAME":"Larch Avenue","ELEVTYP_F":0,"ELEVTYP_T":0},"geometry":{"type":"LineString","coordinates":[[-74.0307236758402,40.878315707212],[-74.030679052094,40.8784228256806],[-74.0304128494977,40.8790720174396]]}},{"type":"Feature","id":270405,"properties":{"OBJECTID":270405,"PRIMENAME":"Linwood Avenue","ELEVTYP_F":0,"ELEVTYP_T":0},"geometry":{"type":"LineString","coordinates":[[-74.0217763832207,40.8714127115162],[-74.0220993142509,40.8715512967157],[-74.0229749189279,40.8719232648902]]}},{"type":"Feature","id":271063,"properties":{"OBJECTID":271063,"PRIMENAME":"Elm Avenue","ELEVTYP_F":0,"ELEVTYP_T":0},"geometry":{"type":"LineString","coordinates":[[-74.0311593099001,40.87317510883],[-74.0311997092123,40.873133084064],[-74.0312442445128,40.8730789148041],[-74.0312824544763,40.8729884872171],[-74.0314012867644,40.8726030040302],[-74.0315267541144,40.8721944894613],[-74.0315376968887,40.8721297532418],[-74.0315313374852,40.87205726129],[-74.0315044208146,40.8719769724639],[-74.0314611991725,40.8718499805076],[-74.0314510787646,40.8717980602896],[-74.0314482619364,40.8717360131158],[-74.0314557166374,40.8716531180548],[-74.0315044328288,40.8715135988728],[-74.0318410193047,40.8707073481509]]}},{"type":"Feature","id":271584,"properties":{"OBJECTID":271584,"PRIMENAME":"Central Avenue","ELEVTYP_F":0,"ELEVTYP_T":0},"geometry":{"type":"LineString","coordinates":[[-74.0316497880961,40.8660239740887],[-74.0313749539741,40.8659468506084]]}},{"type":"Feature","id":272235,"properties":{"OBJECTID":272235,"PRIMENAME":"Pine Street","ELEVTYP_F":0,"ELEVTYP_T":0},"geometry":{"type":"LineString","coordinates":[[-74.0207382409362,40.8798323729103],[-74.0194562659113,40.8794105478178],[-74.0188622220767,40.8792150768787]]}},{"type":"Feature","id":272947,"properties":{"OBJECTID":272947,"PRIMENAME":"Dunn Avenue","ELEVTYP_F":0,"ELEVTYP_T":0},"geometry":{"type":"LineString","coordinates":[[-74.0246936857812,40.8674434778929],[-74.0246078544973,40.8676191297905],[-74.0243855094881,40.8680746427936]]}},{"type":"Feature","id":274805,"properties":{"OBJECTID":274805,"PRIMENAME":"Leonia Avenue","ELEVTYP_F":0,"ELEVTYP_T":0},"geometry":{"type":"LineString","coordinates":[[-74.0261089756753,40.8801210703107],[-74.0258765664655,40.8803758333055],[-74.0255863481793,40.8807035931465]]}},{"type":"Feature","id":274964,"properties":{"OBJECTID":274964,"PRIMENAME":"Queen Anne Road","ELEVTYP_F":0,"ELEVTYP_T":0},"geometry":{"type":"LineString","coordinates":[[-74.0216578612642,40.8720540693388],[-74.0216195943797,40.8722612631105]]}},{"type":"Feature","id":275494,"properties":{"OBJECTID":275494,"PRIMENAME":"Elm Avenue","ELEVTYP_F":0,"ELEVTYP_T":0},"geometry":{"type":"LineString","coordinates":[[-74.0290612953804,40.8787605973864],[-74.0286973225467,40.8796713431804]]}},{"type":"Feature","id":275880,"properties":{"OBJECTID":275880,"PRIMENAME":"Queen Anne Road","ELEVTYP_F":0,"ELEVTYP_T":0},"geometry":{"type":"LineString","coordinates":[[-74.0218814581,40.87094134599],[-74.0217763832207,40.8714127115162]]}},{"type":"Feature","id":276120,"properties":{"OBJECTID":276120,"PRIMENAME":"Larch Avenue","ELEVTYP_F":0,"ELEVTYP_T":0},"geometry":{"type":"LineString","coordinates":[[-74.0293665811962,40.8816171686971],[-74.0292569453293,40.8818796583016],[-74.0290334860969,40.8824186752217]]}},{"type":"Feature","id":276686,"properties":{"OBJECTID":276686,"PRIMENAME":"Industrial Avenue","ELEVTYP_F":0,"ELEVTYP_T":0},"geometry":{"type":"LineString","coordinates":[[-74.0290540980938,40.8576160355828],[-74.0290671918562,40.857625233444],[-74.0292083792795,40.8578945952761],[-74.0299954153695,40.8594990145961],[-74.0306221686346,40.8608740399819],[-74.0310659051732,40.8620367376473],[-74.0311145964175,40.862074102147],[-74.031178465823,40.8620972542652],[-74.0312837270922,40.8621262571501],[-74.0314602563029,40.862195597835],[-74.0315989516261,40.8622876780401],[-74.0317074713127,40.8623881720888],[-74.0317595808194,40.8624741900305],[-74.0318075278216,40.8626173412853],[-74.0318995218506,40.8629530494293],[-74.0320918382494,40.8634578549011],[-74.0321746760835,40.8642033438637],[-74.0329288754901,40.8654230801437],[-74.0329234791987,40.8654593756008],[-74.0328811192684,40.8657442805615]]}},{"type":"Feature","id":277582,"properties":{"OBJECTID":277582,"PRIMENAME":"Central Avenue","ELEVTYP_F":0,"ELEVTYP_T":0},"geometry":{"type":"LineString","coordinates":[[-74.0313749539741,40.8659468506084],[-74.0303497035705,40.8656597593779]]}},{"type":"Feature","id":278121,"properties":{"OBJECTID":278121,"PRIMENAME":"Linwood Avenue","ELEVTYP_F":0,"ELEVTYP_T":0},"geometry":{"type":"LineString","coordinates":[[-74.0229749189279,40.8719232648902],[-74.0230644338536,40.8719612959655],[-74.0234249418655,40.8721200704846],[-74.0236014126899,40.8721951324715],[-74.0238608035114,40.8722648268989],[-74.0242518461473,40.8723665216113],[-74.0242677975028,40.8723711163657]]}},{"type":"Feature","id":278711,"properties":{"OBJECTID":278711,"PRIMENAME":"Hudson Street","ELEVTYP_F":0,"ELEVTYP_T":0},"geometry":{"type":"LineString","coordinates":[[-74.0396958578761,40.8672229367134],[-74.0398085814491,40.8675077073593]]}},{"type":"Feature","id":279080,"properties":{"OBJECTID":279080,"PRIMENAME":"North Avenue","ELEVTYP_F":0,"ELEVTYP_T":0},"geometry":{"type":"LineString","coordinates":[[-74.0295372169887,40.8673865844586],[-74.030023735236,40.8675070134585]]}},{"type":"Feature","id":279917,"properties":{"OBJECTID":279917,"PRIMENAME":"Crestview Place","ELEVTYP_F":0,"ELEVTYP_T":0},"geometry":{"type":"LineString","coordinates":[[-74.0231222953245,40.8761486929742],[-74.0231604259297,40.8760358967886],[-74.0235002351104,40.8750295520191]]}},{"type":"Feature","id":280464,"properties":{"OBJECTID":280464,"PRIMENAME":"Linwood Avenue","ELEVTYP_F":0,"ELEVTYP_T":0},"geometry":{"type":"LineString","coordinates":[[-74.0285382528673,40.8735397410623],[-74.0293854249102,40.8737737482225]]}},{"type":"Feature","id":280558,"properties":{"OBJECTID":280558,"PRIMENAME":"Linden Avenue","ELEVTYP_F":0,"ELEVTYP_T":0},"geometry":{"type":"LineString","coordinates":[[-74.0248336232986,40.8858016553583],[-74.0248544411449,40.8857380043776],[-74.025472566748,40.8842537547966],[-74.0254919604655,40.8842070888295]]}},{"type":"Feature","id":282584,"properties":{"OBJECTID":282584,"PRIMENAME":"Chestnut Avenue","ELEVTYP_F":0,"ELEVTYP_T":0},"geometry":{"type":"LineString","coordinates":[[-74.0243855094881,40.8680746427936],[-74.02362616794,40.8678633596453],[-74.0225361118291,40.8675529290432]]}},{"type":"Feature","id":284226,"properties":{"OBJECTID":284226,"PRIMENAME":"Interstate 80","ELEVTYP_F":0,"ELEVTYP_T":0},"geometry":{"type":"LineString","coordinates":[[-74.0200467594654,40.8659917873826],[-74.0212502479177,40.8661659319944],[-74.0214887615419,40.8661987082169],[-74.0220462913373,40.8662776861689],[-74.0221897589669,40.8662983371467]]}},{"type":"Feature","id":284793,"properties":{"OBJECTID":284793,"PRIMENAME":"Cypress Avenue","ELEVTYP_F":0,"ELEVTYP_T":0},"geometry":{"type":"LineString","coordinates":[[-74.0289268925322,40.8686254131978],[-74.0291571344495,40.8686895417589],[-74.0312134414865,40.8692583526964],[-74.0313316359995,40.8692706493741],[-74.0313564928581,40.8692732350403],[-74.0314740609452,40.8692611406933]]}},{"type":"Feature","id":285815,"properties":{"OBJECTID":285815,"PRIMENAME":"Henry C Luthin Place","ELEVTYP_F":0,"ELEVTYP_T":0},"geometry":{"type":"LineString","coordinates":[[-74.0246808803821,40.8781483087778],[-74.0240780858059,40.8779523053632]]}},{"type":"Feature","id":286417,"properties":{"OBJECTID":286417,"PRIMENAME":"Hudson Street","ELEVTYP_F":0,"ELEVTYP_T":0},"geometry":{"type":"LineString","coordinates":[[-74.0387600386471,40.86487284746],[-74.0394103577714,40.8665016883268],[-74.0394520065563,40.866606903469]]}},{"type":"Feature","id":286914,"properties":{"OBJECTID":286914,"PRIMENAME":"River Road","ELEVTYP_F":0,"ELEVTYP_T":0},"geometry":{"type":"LineString","coordinates":[[-74.032401382937,40.8805976077844],[-74.032387601861,40.8806543444438],[-74.0322807233387,40.8811950480561]]}},{"type":"Feature","id":287173,"properties":{"OBJECTID":287173,"PRIMENAME":"Walnut Avenue","ELEVTYP_F":0,"ELEVTYP_T":0},"geometry":{"type":"LineString","coordinates":[[-74.022149170375,40.8695961993142],[-74.0234799797795,40.8699562690307]]}},{"type":"Feature","id":287298,"properties":{"OBJECTID":287298,"PRIMENAME":"West Main Street","ELEVTYP_F":0,"ELEVTYP_T":0},"geometry":{"type":"LineString","coordinates":[[-74.0307236758402,40.878315707212],[-74.0302553603778,40.8782163827866],[-74.0293546160577,40.8780270433585]]}},{"type":"Feature","id":288999,"properties":{"OBJECTID":288999,"PRIMENAME":"Walnut Street","ELEVTYP_F":0,"ELEVTYP_T":0},"geometry":{"type":"LineString","coordinates":[[-74.0202264045965,40.8696521744127],[-74.0212990824584,40.8698433975759]]}},{"type":"Feature","id":289206,"properties":{"OBJECTID":289206,"PRIMENAME":"Railroad Avenue","ELEVTYP_F":0,"ELEVTYP_T":0},"geometry":{"type":"LineString","coordinates":[[-74.0317331903135,40.8673246200626],[-74.0317335512127,40.8674273099464]]}},{"type":"Feature","id":290883,"properties":{"OBJECTID":290883,"PRIMENAME":"Pleasant Place","ELEVTYP_F":0,"ELEVTYP_T":0},"geometry":{"type":"LineString","coordinates":[[-74.0215261732853,40.8755434118011],[-74.0215637500181,40.8754323978641],[-74.0221603141962,40.8736692433444],[-74.0222072823325,40.8735043293805]]}},{"type":"Feature","id":291440,"properties":{"OBJECTID":291440,"PRIMENAME":"Orchard Terrace","ELEVTYP_F":0,"ELEVTYP_T":0},"geometry":{"type":"LineString","coordinates":[[-74.0319717272459,40.8785704302518],[-74.0319042832038,40.8787394922482],[-74.0312490414334,40.8803094332859]]}},{"type":"Feature","id":291928,"properties":{"OBJECTID":291928,"PRIMENAME":"Larch Avenue","ELEVTYP_F":0,"ELEVTYP_T":0},"geometry":{"type":"LineString","coordinates":[[-74.0318632814614,40.8751241584017],[-74.0314802923056,40.8763886996608],[-74.0314075436782,40.876628895624]]}},{"type":"Feature","id":292668,"properties":{"OBJECTID":292668,"PRIMENAME":"Interstate 80","ELEVTYP_F":1,"ELEVTYP_T":0},"geometry":{"type":"LineString","coordinates":[[-74.0396800081357,40.8671829619846],[-74.0401661481367,40.8671741130693],[-74.040952441447,40.8671701088207],[-74.041908180093,40.867170339429],[-74.0423717187783,40.8671772847234],[-74.0425548957428,40.8671775448132]]}},{"type":"Feature","id":293425,"properties":{"OBJECTID":293425,"PRIMENAME":"North Avenue","ELEVTYP_F":0,"ELEVTYP_T":0},"geometry":{"type":"LineString","coordinates":[[-74.0287316030687,40.866640570363],[-74.0283390011447,40.8666044071907],[-74.0279062716825,40.866562149102],[-74.0276157514193,40.866519867583]]}},{"type":"Feature","id":294562,"properties":{"OBJECTID":294562,"PRIMENAME":"South River Street","ELEVTYP_F":0,"ELEVTYP_T":0},"geometry":{"type":"LineString","coordinates":[[-74.0369722258262,40.8652859631089],[-74.0370933910626,40.8655868014261],[-74.0374627937346,40.8665249684846],[-74.0376137697208,40.8668969915431]]}},{"type":"Feature","id":295020,"properties":{"OBJECTID":295020,"PRIMENAME":"Second Street","ELEVTYP_F":1,"ELEVTYP_T":1},"geometry":{"type":"LineString","coordinates":[[-74.029666384368,40.867112892995],[-74.0296212783562,40.8672082055298],[-74.0295955025818,40.8672626704662]]}},{"type":"Feature","id":295669,"properties":{"OBJECTID":295669,"PRIMENAME":"River Road","ELEVTYP_F":0,"ELEVTYP_T":0},"geometry":{"type":"LineString","coordinates":[[-74.0321785763708,40.8697928679761],[-74.0322844745865,40.8698666695553],[-74.0323925846448,40.8699706202741],[-74.0324815477656,40.870077210305],[-74.0329040894189,40.870775368781],[-74.0330031885341,40.8709526815549]]}},{"type":"Feature","id":296357,"properties":{"OBJECTID":296357,"PRIMENAME":"West Main Street","ELEVTYP_F":0,"ELEVTYP_T":0},"geometry":{"type":"LineString","coordinates":[[-74.0330063463785,40.8787733297833],[-74.0330060940461,40.878773273827],[-74.0319717272459,40.8785704302518]]}},{"type":"Feature","id":296903,"properties":{"OBJECTID":296903,"PRIMENAME":"Leonia Avenue","ELEVTYP_F":0,"ELEVTYP_T":0},"geometry":{"type":"LineString","coordinates":[[-74.0250763445327,40.8812794959173],[-74.0248515848968,40.8815333192711]]}},{"type":"Feature","id":297547,"properties":{"OBJECTID":297547,"PRIMENAME":"Elm Avenue","ELEVTYP_F":0,"ELEVTYP_T":0},"geometry":{"type":"LineString","coordinates":[[-74.0280327689413,40.8813014304941],[-74.0279682434813,40.8814598789345],[-74.0276419724413,40.8822450928796]]}},{"type":"Feature","id":297567,"properties":{"OBJECTID":297567,"PRIMENAME":"North Avenue","ELEVTYP_F":0,"ELEVTYP_T":0},"geometry":{"type":"LineString","coordinates":[[-74.030023735236,40.8675070134585],[-74.0317108185474,40.8679970975528]]}},{"type":"Feature","id":298046,"properties":{"OBJECTID":298046,"PRIMENAME":"West Shore Avenue","ELEVTYP_F":0,"ELEVTYP_T":0},"geometry":{"type":"LineString","coordinates":[[-74.030124170003,40.8729618150812],[-74.0302778771812,40.8725699414916]]}},{"type":"Feature","id":298661,"properties":{"OBJECTID":298661,"PRIMENAME":"Elm Avenue","ELEVTYP_F":0,"ELEVTYP_T":0},"geometry":{"type":"LineString","coordinates":[[-74.0286841666336,40.8797042628277],[-74.0280327689413,40.8813014304941]]}},{"type":"Feature","id":300842,"properties":{"OBJECTID":300842,"PRIMENAME":"Larch Avenue","ELEVTYP_F":0,"ELEVTYP_T":0},"geometry":{"type":"LineString","coordinates":[[-74.0290334860969,40.8824186752217],[-74.0289252643122,40.8826726328625]]}},{"type":"Feature","id":300958,"properties":{"OBJECTID":300958,"PRIMENAME":"East Fort Lee Road","ELEVTYP_F":0,"ELEVTYP_T":0},"geometry":{"type":"LineString","coordinates":[[-74.0290265785104,40.8760407573771],[-74.0289075829571,40.8760077707995]]}},{"type":"Feature","id":303032,"properties":{"OBJECTID":303032,"PRIMENAME":"3rd Place","ELEVTYP_F":0,"ELEVTYP_T":0},"geometry":{"type":"LineString","coordinates":[[-74.0253551005519,40.8763802982092],[-74.026938137279,40.8767842685717]]}},{"type":"Feature","id":303159,"properties":{"OBJECTID":303159,"PRIMENAME":"West Shore Avenue","ELEVTYP_F":0,"ELEVTYP_T":0},"geometry":{"type":"LineString","coordinates":[[-74.0317108185474,40.8679970975528],[-74.0316897364227,40.8681035403988],[-74.0316624953613,40.8682233839311],[-74.0315949959288,40.8684119900086],[-74.0315196306523,40.8686389923161],[-74.0315167096679,40.8686482860424]]}},{"type":"Feature","id":303224,"properties":{"OBJECTID":303224,"PRIMENAME":"Kovar Street","ELEVTYP_F":0,"ELEVTYP_T":0},"geometry":{"type":"LineString","coordinates":[[-74.02716168092,40.8789724616207],[-74.0249688389336,40.8782419177199],[-74.0247655747528,40.8781758414268],[-74.0246808803821,40.8781483087778]]}},{"type":"Feature","id":304487,"properties":{"OBJECTID":304487,"PRIMENAME":"Linwood Avenue","ELEVTYP_F":0,"ELEVTYP_T":0},"geometry":{"type":"LineString","coordinates":[[-74.0267819251952,40.8730545726199],[-74.0276836886219,40.8733036936422]]}},{"type":"Feature","id":305076,"properties":{"OBJECTID":305076,"PRIMENAME":"River Road","ELEVTYP_F":0,"ELEVTYP_T":0},"geometry":{"type":"LineString","coordinates":[[-74.0317514240427,40.8839314138086],[-74.0315911127704,40.8847699720634]]}},{"type":"Feature","id":307073,"properties":{"OBJECTID":307073,"PRIMENAME":"West Shore Avenue","ELEVTYP_F":0,"ELEVTYP_T":0},"geometry":{"type":"LineString","coordinates":[[-74.0305324794442,40.8719263837594],[-74.0307921396402,40.8712775208938]]}},{"type":"Feature","id":308798,"properties":{"OBJECTID":308798,"PRIMENAME":"Linden Avenue","ELEVTYP_F":0,"ELEVTYP_T":0},"geometry":{"type":"LineString","coordinates":[[-74.0264439474258,40.8818915272586],[-74.0268142493142,40.8810133524721]]}},{"type":"Feature","id":308905,"properties":{"OBJECTID":308905,"PRIMENAME":"Hillcrest Street","ELEVTYP_F":0,"ELEVTYP_T":0},"geometry":{"type":"LineString","coordinates":[[-74.0273742963444,40.8828972204588],[-74.0287039806508,40.8832126467718]]}},{"type":"Feature","id":308928,"properties":{"OBJECTID":308928,"PRIMENAME":"Broad Street","ELEVTYP_F":0,"ELEVTYP_T":0},"geometry":{"type":"LineString","coordinates":[[-74.0290612953804,40.8787605973864],[-74.0286039816661,40.8786550945582]]}},{"type":"Feature","id":309536,"properties":{"OBJECTID":309536,"PRIMENAME":"Palisade Avenue","ELEVTYP_F":0,"ELEVTYP_T":0},"geometry":{"type":"LineString","coordinates":[[-74.0222849876899,40.8827157571816],[-74.0221563392535,40.8830379462765],[-74.0220268507234,40.8833662258674],[-74.022007541574,40.8834259030056]]}},{"type":"Feature","id":310544,"properties":{"OBJECTID":310544,"PRIMENAME":"Maple Street","ELEVTYP_F":0,"ELEVTYP_T":0},"geometry":{"type":"LineString","coordinates":[[-74.0206731477438,40.8682697848841],[-74.0217401687707,40.8684660704746]]}},{"type":"Feature","id":310782,"properties":{"OBJECTID":310782,"PRIMENAME":"Munn Avenue","ELEVTYP_F":0,"ELEVTYP_T":0},"geometry":{"type":"LineString","coordinates":[[-74.0197886630332,40.8709722619155],[-74.0198532169117,40.8709659840764],[-74.0199166532317,40.8709549462838],[-74.0199783643984,40.870939254258],[-74.0200377593411,40.8709190582979],[-74.021044272006,40.8704192987059],[-74.0210676660008,40.8704050129202],[-74.0210892633029,40.8703891805373],[-74.0211088871209,40.8703719311589],[-74.0211263768191,40.8703534059858],[-74.0211415892311,40.8703337566622],[-74.0211543998327,40.8703131440341],[-74.0211647037609,40.8702917368331],[-74.021172416672,40.8702697102946],[-74.0212990824584,40.8698433975759]]}},{"type":"Feature","id":312090,"properties":{"OBJECTID":312090,"PRIMENAME":"Queen Anne Road","ELEVTYP_F":0,"ELEVTYP_T":0},"geometry":{"type":"LineString","coordinates":[[-74.0222815484174,40.8689071904039],[-74.0222061932378,40.869299432145]]}},{"type":"Feature","id":312766,"properties":{"OBJECTID":312766,"PRIMENAME":"West Grove Street","ELEVTYP_F":0,"ELEVTYP_T":0},"geometry":{"type":"LineString","coordinates":[[-74.0293665811962,40.8816171686971],[-74.0312673760115,40.8820679965985],[-74.0320721775852,40.8822546534056]]}},{"type":"Feature","id":314095,"properties":{"OBJECTID":314095,"PRIMENAME":"Cane Street","ELEVTYP_F":0,"ELEVTYP_T":0},"geometry":{"type":"LineString","coordinates":[[-74.0214349474883,40.8785594461296],[-74.0215558437763,40.8785999689338],[-74.0223361031493,40.8788615569918]]}},{"type":"Feature","id":314183,"properties":{"OBJECTID":314183,"PRIMENAME":"West Shore Avenue","ELEVTYP_F":0,"ELEVTYP_T":0},"geometry":{"type":"LineString","coordinates":[[-74.0310470088905,40.8706407703606],[-74.0311572902184,40.8703651598319],[-74.0313074994513,40.869995861253]]}},{"type":"Feature","id":316206,"properties":{"OBJECTID":316206,"PRIMENAME":"Elm Avenue","ELEVTYP_F":0,"ELEVTYP_T":0},"geometry":{"type":"LineString","coordinates":[[-74.0300482959829,40.8762918589449],[-74.0300385713555,40.8762402419465],[-74.030049117542,40.8761807194945],[-74.0304496193455,40.8750354328718],[-74.0305241296349,40.8748181722064]]}},{"type":"Feature","id":316853,"properties":{"OBJECTID":316853,"PRIMENAME":"South River Street","ELEVTYP_F":0,"ELEVTYP_T":0},"geometry":{"type":"LineString","coordinates":[[-74.0376137697208,40.8668969915431],[-74.0376256790658,40.866926306019],[-74.0376620463182,40.8670158216949]]}},{"type":"Feature","id":317293,"properties":{"OBJECTID":317293,"PRIMENAME":"Palmer Avenue","ELEVTYP_F":0,"ELEVTYP_T":0},"geometry":{"type":"LineString","coordinates":[[-74.0214349474883,40.8785594461296],[-74.0216626950094,40.8781751115245]]}},{"type":"Feature","id":320294,"properties":{"OBJECTID":320294,"PRIMENAME":"Linden Avenue","ELEVTYP_F":0,"ELEVTYP_T":0},"geometry":{"type":"LineString","coordinates":[[-74.0259220371967,40.8831721501297],[-74.0259900426733,40.8830085020046],[-74.0261522905635,40.882607447045]]}},{"type":"Feature","id":320963,"properties":{"OBJECTID":320963,"PRIMENAME":"Palisade Avenue","ELEVTYP_F":0,"ELEVTYP_T":0},"geometry":{"type":"LineString","coordinates":[[-74.0225726997778,40.8819953875174],[-74.0222903575043,40.8827023123338],[-74.0222849876899,40.8827157571816]]}},{"type":"Feature","id":321113,"properties":{"OBJECTID":321113,"PRIMENAME":"Queen Anne Road","ELEVTYP_F":0,"ELEVTYP_T":0},"geometry":{"type":"LineString","coordinates":[[-74.0226652104818,40.8668815012024],[-74.0225361118291,40.8675529290432]]}},{"type":"Feature","id":321331,"properties":{"OBJECTID":321331,"PRIMENAME":"Linden Avenue","ELEVTYP_F":0,"ELEVTYP_T":0},"geometry":{"type":"LineString","coordinates":[[-74.0286039816661,40.8786550945582],[-74.0284689410252,40.8789814641997],[-74.0282883734555,40.8793986156827],[-74.0282632440743,40.8794335657267],[-74.0282239182784,40.879471147696],[-74.02816680111,40.8795086568724],[-74.028161522198,40.8795120115078],[-74.0281207283383,40.8795379313808]]}},{"type":"Feature","id":322792,"properties":{"OBJECTID":322792,"PRIMENAME":"Palisade Avenue","ELEVTYP_F":0,"ELEVTYP_T":0},"geometry":{"type":"LineString","coordinates":[[-74.0295372169887,40.8673865844586],[-74.0295204158235,40.8674240688065],[-74.0292317120535,40.8680030345445]]}},{"type":"Feature","id":323445,"properties":{"OBJECTID":323445,"PRIMENAME":"Kramer Court","ELEVTYP_F":0,"ELEVTYP_T":0},"geometry":{"type":"LineString","coordinates":[[-74.0325831738808,40.8800031870213],[-74.0329556350203,40.8801379628067]]}},{"type":"Feature","id":324771,"properties":{"OBJECTID":324771,"PRIMENAME":"River Road","ELEVTYP_F":0,"ELEVTYP_T":0},"geometry":{"type":"LineString","coordinates":[[-74.0314740609452,40.8692611406933],[-74.0315069772249,40.8693057148142],[-74.0315592700566,40.869360548561],[-74.0315805605352,40.8693828718948],[-74.0318125648713,40.8695389243794],[-74.0318630748689,40.8695728989556],[-74.0321785763708,40.8697928679761]]}},{"type":"Feature","id":324862,"properties":{"OBJECTID":324862,"PRIMENAME":"Queen Anne Road","ELEVTYP_F":0,"ELEVTYP_T":0},"geometry":{"type":"LineString","coordinates":[[-74.0214137531177,40.8731566043418],[-74.0213986956363,40.8732089432792],[-74.0213630922419,40.8733070368253],[-74.0207808462351,40.8750380766764],[-74.0207155564532,40.875235825165]]}},{"type":"Feature","id":325839,"properties":{"OBJECTID":325839,"PRIMENAME":"Gray Street","ELEVTYP_F":0,"ELEVTYP_T":0},"geometry":{"type":"LineString","coordinates":[[-74.0243158505945,40.8787728421131],[-74.0246064589445,40.878870524444],[-74.0266291876379,40.8795513808267]]}},{"type":"Feature","id":326001,"properties":{"OBJECTID":326001,"PRIMENAME":"Leonia Avenue","ELEVTYP_F":0,"ELEVTYP_T":0},"geometry":{"type":"LineString","coordinates":[[-74.0274514719159,40.8783671011407],[-74.0273047042781,40.878734733155],[-74.0272663455945,40.8788346561065],[-74.0272320175657,40.8788916924894],[-74.0271788430476,40.8789543882252],[-74.02716168092,40.8789724616207]]}},{"type":"Feature","id":328369,"properties":{"OBJECTID":328369,"PRIMENAME":"Maple Street","ELEVTYP_F":0,"ELEVTYP_T":0},"geometry":{"type":"LineString","coordinates":[[-74.0217401687707,40.8684660704746],[-74.0220043535113,40.8685146679109],[-74.0223456966699,40.8685748792297]]}},{"type":"Feature","id":328567,"properties":{"OBJECTID":328567,"PRIMENAME":"Crestview Place","ELEVTYP_F":0,"ELEVTYP_T":0},"geometry":{"type":"LineString","coordinates":[[-74.0235002351104,40.8750295520191],[-74.023723245907,40.8743690799698],[-74.0237586086939,40.8742435623899]]}},{"type":"Feature","id":328591,"properties":{"OBJECTID":328591,"PRIMENAME":"Bogota Gardens","ELEVTYP_F":0,"ELEVTYP_T":0},"geometry":{"type":"LineString","coordinates":[[-74.0338019333367,40.8753353831918],[-74.0330733783223,40.8752090789535]]}},{"type":"Feature","id":329621,"properties":{"OBJECTID":329621,"PRIMENAME":"Central Avenue","ELEVTYP_F":0,"ELEVTYP_T":0},"geometry":{"type":"LineString","coordinates":[[-74.0303497035705,40.8656597593779],[-74.0293345371826,40.8653744842092]]}},{"type":"Feature","id":329824,"properties":{"OBJECTID":329824,"PRIMENAME":"North Avenue","ELEVTYP_F":0,"ELEVTYP_T":0},"geometry":{"type":"LineString","coordinates":[[-74.0298600515467,40.8667035331054],[-74.0287984151712,40.8666467177321],[-74.0287316030687,40.866640570363]]}},{"type":"Feature","id":330097,"properties":{"OBJECTID":330097,"PRIMENAME":"Leonia Avenue","ELEVTYP_F":0,"ELEVTYP_T":0},"geometry":{"type":"LineString","coordinates":[[-74.027912959,40.8772025835702],[-74.0277457736757,40.8776299727347],[-74.027730383218,40.8776684486491]]}},{"type":"Feature","id":330302,"properties":{"OBJECTID":330302,"PRIMENAME":"River Road","ELEVTYP_F":0,"ELEVTYP_T":0},"geometry":{"type":"LineString","coordinates":[[-74.0333888222402,40.8770902695959],[-74.0333877872738,40.8772319167631],[-74.0333671134337,40.8774001250994],[-74.0333424683236,40.8775622511293],[-74.0332908553779,40.8777482042457],[-74.03325486732,40.8778778665812],[-74.0331865543788,40.878181482488],[-74.0330751526649,40.8785439120511],[-74.0330063463785,40.8787733297833]]}},{"type":"Feature","id":331121,"properties":{"OBJECTID":331121,"PRIMENAME":"Pine Street","ELEVTYP_F":0,"ELEVTYP_T":0},"geometry":{"type":"LineString","coordinates":[[-74.0250763445327,40.8812794959173],[-74.0247069386298,40.8811487427611],[-74.0232268753772,40.8806603485581]]}},{"type":"Feature","id":333129,"properties":{"OBJECTID":333129,"PRIMENAME":"Dunn Avenue","ELEVTYP_F":0,"ELEVTYP_T":0},"geometry":{"type":"LineString","coordinates":[[-74.0240797489013,40.8687009572861],[-74.0239503170135,40.8689660237375],[-74.0237777271429,40.8693295107358]]}},{"type":"Feature","id":333205,"properties":{"OBJECTID":333205,"PRIMENAME":"Highview Place","ELEVTYP_F":0,"ELEVTYP_T":0},"geometry":{"type":"LineString","coordinates":[[-74.0250164071213,40.8773853632192],[-74.0229896975217,40.8768622955982]]}},{"type":"Feature","id":333596,"properties":{"OBJECTID":333596,"PRIMENAME":"Palisade Avenue","ELEVTYP_F":0,"ELEVTYP_T":0},"geometry":{"type":"LineString","coordinates":[[-74.0280257717049,40.8705143120863],[-74.0278693638905,40.8708421043264],[-74.027722384008,40.8711406466136]]}},{"type":"Feature","id":335537,"properties":{"OBJECTID":335537,"PRIMENAME":"Orchard Terrace","ELEVTYP_F":0,"ELEVTYP_T":0},"geometry":{"type":"LineString","coordinates":[[-74.0326340116139,40.8769094088912],[-74.0323011693889,40.8777441954225],[-74.0319717272459,40.8785704302518]]}},{"type":"Feature","id":336747,"properties":{"OBJECTID":336747,"PRIMENAME":"South River Street","ELEVTYP_F":0,"ELEVTYP_T":0},"geometry":{"type":"LineString","coordinates":[[-74.037696031173,40.8670995965799],[-74.0377416761319,40.8672120473137]]}},{"type":"Feature","id":336875,"properties":{"OBJECTID":336875,"PRIMENAME":"South Street","ELEVTYP_F":0,"ELEVTYP_T":0},"geometry":{"type":"LineString","coordinates":[[-74.0312490414334,40.8803094332859],[-74.03002432201,40.8800191134191]]}},{"type":"Feature","id":337464,"properties":{"OBJECTID":337464,"PRIMENAME":"4th Place","ELEVTYP_F":0,"ELEVTYP_T":0},"geometry":{"type":"LineString","coordinates":[[-74.0235790609972,40.8750381430542],[-74.0236345109572,40.8750441879484],[-74.0238527736614,40.8750765460328],[-74.024101093963,40.8751233017402],[-74.0242100364629,40.8751609176553],[-74.0242402042203,40.8751749865013]]}},{"type":"Feature","id":337794,"properties":{"OBJECTID":337794,"PRIMENAME":"West Fort Lee Road","ELEVTYP_F":0,"ELEVTYP_T":0},"geometry":{"type":"LineString","coordinates":[[-74.0300482959829,40.8762918589449],[-74.0294225019706,40.8761366890225]]}},{"type":"Feature","id":338491,"properties":{"OBJECTID":338491,"PRIMENAME":"East Grove Street","ELEVTYP_F":0,"ELEVTYP_T":0},"geometry":{"type":"LineString","coordinates":[[-74.0255863481793,40.8807035931465],[-74.0247610594727,40.8804284474371],[-74.0235871257113,40.8800345914988]]}},{"type":"Feature","id":340459,"properties":{"OBJECTID":340459,"PRIMENAME":"Terhune Street","ELEVTYP_F":0,"ELEVTYP_T":0},"geometry":{"type":"LineString","coordinates":[[-74.0267183884912,40.8844941144961],[-74.0254919604655,40.8842070888295]]}},{"type":"Feature","id":340739,"properties":{"OBJECTID":340739,"PRIMENAME":"Elmwood Avenue","ELEVTYP_F":0,"ELEVTYP_T":0},"geometry":{"type":"LineString","coordinates":[[-74.0271334875423,40.8723380202417],[-74.0272581719057,40.8723074040496],[-74.0291009678545,40.8727181188355],[-74.030124170003,40.8729618150812]]}},{"type":"Feature","id":341203,"properties":{"OBJECTID":341203,"PRIMENAME":"Railroad Avenue","ELEVTYP_F":0,"ELEVTYP_T":0},"geometry":{"type":"LineString","coordinates":[[-74.0317335512127,40.8674273099464],[-74.0317336146101,40.867628816385],[-74.0317153809039,40.8679740560767],[-74.0317108185474,40.8679970975528]]}},{"type":"Feature","id":341931,"properties":{"OBJECTID":341931,"PRIMENAME":"Larch Avenue","ELEVTYP_F":0,"ELEVTYP_T":0},"geometry":{"type":"LineString","coordinates":[[-74.03002432201,40.8800191134191],[-74.0299660297416,40.8801612557141],[-74.0297032458859,40.8808109269478]]}},{"type":"Feature","id":342012,"properties":{"OBJECTID":342012,"PRIMENAME":"Railroad Avenue","ELEVTYP_F":0,"ELEVTYP_T":0},"geometry":{"type":"LineString","coordinates":[[-74.0317326583684,40.8668354686663],[-74.03173269985,40.866983503677]]}},{"type":"Feature","id":344511,"properties":{"OBJECTID":344511,"PRIMENAME":"River Road","ELEVTYP_F":0,"ELEVTYP_T":0},"geometry":{"type":"LineString","coordinates":[[-74.0320721775852,40.8822546534056],[-74.0319117662147,40.8830931020849]]}},{"type":"Feature","id":345503,"properties":{"OBJECTID":345503,"PRIMENAME":"Second Street","ELEVTYP_F":1,"ELEVTYP_T":1},"geometry":{"type":"LineString","coordinates":[[-74.0297069453322,40.8670271691932],[-74.029666384368,40.867112892995]]}},{"type":"Feature","id":347078,"properties":{"OBJECTID":347078,"PRIMENAME":"Oakwood Avenue","ELEVTYP_F":0,"ELEVTYP_T":0},"geometry":{"type":"LineString","coordinates":[[-74.0237777271429,40.8693295107358],[-74.0222815484174,40.8689071904039]]}},{"type":"Feature","id":347280,"properties":{"OBJECTID":347280,"PRIMENAME":"Walnut Avenue","ELEVTYP_F":0,"ELEVTYP_T":0},"geometry":{"type":"LineString","coordinates":[[-74.027722384008,40.8711406466136],[-74.0290360730021,40.8715116717248],[-74.0303989879877,40.8718893898076],[-74.0305324794442,40.8719263837594]]}},{"type":"Feature","id":351268,"properties":{"OBJECTID":351268,"PRIMENAME":"Interstate 80","ELEVTYP_F":1,"ELEVTYP_T":0},"geometry":{"type":"LineString","coordinates":[[-74.03173269985,40.866983503677],[-74.0317022964807,40.8669828038824],[-74.0312080655244,40.8669700633148],[-74.0307609145267,40.8669468350009],[-74.0303232629318,40.8669200197395],[-74.0298667739107,40.8668931260422],[-74.0297738262479,40.8668858028733]]}},{"type":"Feature","id":352288,"properties":{"OBJECTID":352288,"PRIMENAME":"Interstate 80 Express","ELEVTYP_F":0,"ELEVTYP_T":1},"geometry":{"type":"LineString","coordinates":[[-74.0424902290916,40.8669486893376],[-74.041974878492,40.866951860236],[-74.0417906365534,40.8669511284999],[-74.0415040735835,40.8669499898004],[-74.0411019575177,40.866944684886],[-74.0405280482597,40.8669610105209],[-74.040382309924,40.8669631901505],[-74.0395976702137,40.8669749231096]]}},{"type":"Feature","id":359056,"properties":{"OBJECTID":359056,"PRIMENAME":"Interstate 80","ELEVTYP_F":0,"ELEVTYP_T":1},"geometry":{"type":"LineString","coordinates":[[-74.0340934114493,40.8669621825176],[-74.033369007172,40.8669788254687],[-74.0326344425231,40.866990152565],[-74.0322201022182,40.8669956379395],[-74.03173269985,40.866983503677]]}},{"type":"Feature","id":360637,"properties":{"OBJECTID":360637,"PRIMENAME":"Interstate 80 Express","ELEVTYP_F":0,"ELEVTYP_T":0},"geometry":{"type":"LineString","coordinates":[[-74.0228225228785,40.8662334398761],[-74.0233265432074,40.866307030002],[-74.0240055954283,40.8664072245319],[-74.0241187292315,40.8664226047755],[-74.0244241508351,40.8664641244114],[-74.0250092556223,40.8665509142162],[-74.0258463380286,40.8666744501282],[-74.0265382576817,40.8667714162762],[-74.0271191229124,40.8668549395286],[-74.0274351991968,40.8668984247951],[-74.0276829575516,40.86692867297],[-74.0277001249877,40.8669307623429],[-74.0279862442411,40.8669655986373],[-74.0280675471273,40.8669737599637]]}},{"type":"Feature","id":360778,"properties":{"OBJECTID":360778,"PRIMENAME":"Van Buren Avenue","ELEVTYP_F":0,"ELEVTYP_T":0},"geometry":{"type":"LineString","coordinates":[[-74.0225726997778,40.8819953875174],[-74.0230093990503,40.8821417840878]]}},{"type":"Feature","id":363509,"properties":{"OBJECTID":363509,"PRIMENAME":"Interstate 80 Express","ELEVTYP_F":1,"ELEVTYP_T":0},"geometry":{"type":"LineString","coordinates":[[-74.031733036859,40.8671923130653],[-74.0320354590295,40.8671975046938],[-74.0321915440418,40.8672001848186],[-74.0323714639746,40.8671981730313],[-74.0326724374143,40.8671948071024],[-74.0328329004973,40.8671930120525],[-74.0328594248364,40.8671923530896],[-74.033393057017,40.8671790844102],[-74.033914731938,40.8671714493463],[-74.0342701484063,40.867164127781],[-74.0348894373601,40.8671514492536],[-74.0351034310972,40.8671470670076],[-74.0353684349364,40.8671422729581],[-74.0355990234665,40.8671380989267]]}},{"type":"Feature","id":364271,"properties":{"OBJECTID":364271,"PRIMENAME":"Interstate 80 Express","ELEVTYP_F":0,"ELEVTYP_T":0},"geometry":{"type":"LineString","coordinates":[[-74.0228428285233,40.8661498032651],[-74.022535476225,40.8661060668553],[-74.0222387846006,40.8660619487135]]}},{"type":"Feature","id":367791,"properties":{"OBJECTID":367791,"PRIMENAME":"Interstate 80 Express","ELEVTYP_F":1,"ELEVTYP_T":1},"geometry":{"type":"LineString","coordinates":[[-74.037696031173,40.8670995965799],[-74.0383445942541,40.8670853948961],[-74.0392126297059,40.8670726428776],[-74.0396330647688,40.8670643028012]]}},{"type":"Feature","id":367821,"properties":{"OBJECTID":367821,"PRIMENAME":"Interstate 80","ELEVTYP_F":0,"ELEVTYP_T":1},"geometry":{"type":"LineString","coordinates":[[-74.0424590943803,40.866833443216],[-74.0422306669353,40.8668356384731],[-74.0416374102568,40.8668368515183],[-74.0411243649163,40.8668205097144],[-74.040502844639,40.8668252004609],[-74.0395451836242,40.8668422153766]]}},{"type":"Feature","id":371678,"properties":{"OBJECTID":371678,"PRIMENAME":"Interstate 80","ELEVTYP_F":0,"ELEVTYP_T":1},"geometry":{"type":"LineString","coordinates":[[-74.0388444838118,40.8668665908593],[-74.0384309126832,40.8668812424116],[-74.0376258845811,40.8668967591283],[-74.0376137697208,40.8668969915431]]}},{"type":"Feature","id":384450,"properties":{"OBJECTID":384450,"PRIMENAME":"Interstate 80 Express","ELEVTYP_F":1,"ELEVTYP_T":0},"geometry":{"type":"LineString","coordinates":[[-74.0396330647688,40.8670643028012],[-74.0401661489664,40.8670537752526],[-74.040385908176,40.8670482606632],[-74.0409486791198,40.8670341365323],[-74.0417912837801,40.8670264088548],[-74.0419363354205,40.8670250793595],[-74.0423724517371,40.8670235989802],[-74.0425108211009,40.867024834093]]}},{"type":"Feature","id":385536,"properties":{"OBJECTID":385536,"PRIMENAME":"Interstate 80 Express","ELEVTYP_F":0,"ELEVTYP_T":1},"geometry":{"type":"LineString","coordinates":[[-74.035583920445,40.8670537447373],[-74.034886823491,40.8670660619468],[-74.034593079114,40.8670712522562],[-74.0333619550798,40.8670923282343],[-74.0326409437276,40.8671043414986],[-74.0321602615911,40.8671135095409],[-74.0320371563827,40.8671121014974],[-74.0317329039678,40.8671086189307]]}},{"type":"Feature","id":386106,"properties":{"OBJECTID":386106,"PRIMENAME":"Interstate 80 Express","ELEVTYP_F":0,"ELEVTYP_T":0},"geometry":{"type":"LineString","coordinates":[[-74.0222212634776,40.8661464288789],[-74.0223975829001,40.8661718175812],[-74.0226175776708,40.8662034953456],[-74.0228225228785,40.8662334398761]]}},{"type":"Feature","id":386254,"properties":{"OBJECTID":386254,"PRIMENAME":"Interstate 80 Express","ELEVTYP_F":0,"ELEVTYP_T":0},"geometry":{"type":"LineString","coordinates":[[-74.0280675471273,40.8669737599637],[-74.0282895784266,40.8669960459001],[-74.0286100140401,40.8670265622547],[-74.028968921622,40.867057233928],[-74.0292551760998,40.8670843704542],[-74.0295414766743,40.8671050268555],[-74.029666384368,40.867112892995]]}},{"type":"Feature","id":386889,"properties":{"OBJECTID":386889,"PRIMENAME":"Interstate 80 Express","ELEVTYP_F":0,"ELEVTYP_T":0},"geometry":{"type":"LineString","coordinates":[[-74.0297069453322,40.8670271691932],[-74.029292056683,40.8669976159354],[-74.0289097603021,40.8669662724826],[-74.0285029387537,40.866931094653],[-74.0280815181948,40.8668846831873],[-74.0277721175467,40.8668494447245],[-74.027674776794,40.866838358209],[-74.0275164107282,40.8668189417423]]}},{"type":"Feature","id":387052,"properties":{"OBJECTID":387052,"PRIMENAME":"Interstate 80","ELEVTYP_F":0,"ELEVTYP_T":0},"geometry":{"type":"LineString","coordinates":[[-74.0222698882604,40.8659119740911],[-74.0216681801595,40.8658264974273],[-74.0213390092963,40.8657750908523],[-74.0205065332077,40.8656572519013],[-74.0201733686301,40.8656083244816]]}},{"type":"Feature","id":387673,"properties":{"OBJECTID":387673,"PRIMENAME":"Interstate 80 Express","ELEVTYP_F":0,"ELEVTYP_T":1},"geometry":{"type":"LineString","coordinates":[[-74.029666384368,40.867112892995],[-74.0299816530373,40.8671327613454],[-74.0305458143475,40.8671610258455],[-74.0309860243155,40.8671790665043],[-74.0313464272947,40.8671855205283],[-74.0314519755623,40.8671874109436],[-74.031733036859,40.8671923130653]]}},{"type":"Feature","id":387974,"properties":{"OBJECTID":387974,"PRIMENAME":"Interstate 80 Express","ELEVTYP_F":1,"ELEVTYP_T":1},"geometry":{"type":"LineString","coordinates":[[-74.0395976702137,40.8669749231096],[-74.0395470787712,40.8669757099933],[-74.0384974060951,40.8670012978399],[-74.0376620463182,40.8670158216949]]}},{"type":"Feature","id":388357,"properties":{"OBJECTID":388357,"PRIMENAME":"Interstate 80 Express","ELEVTYP_F":1,"ELEVTYP_T":0},"geometry":{"type":"LineString","coordinates":[[-74.0376620463182,40.8670158216949],[-74.0376250519386,40.8670164677112],[-74.0372809998002,40.8670224736361],[-74.0361438392174,40.8670435509496],[-74.0357948070838,40.8670500178218],[-74.035583920445,40.8670537447373]]}},{"type":"Feature","id":388613,"properties":{"OBJECTID":388613,"PRIMENAME":"Interstate 80","ELEVTYP_F":0,"ELEVTYP_T":0},"geometry":{"type":"LineString","coordinates":[[-74.0228794934461,40.8659986537253],[-74.0225735852848,40.8659551152117],[-74.0222698882604,40.8659119740911]]}},{"type":"Feature","id":388676,"properties":{"OBJECTID":388676,"PRIMENAME":"Interstate 80 Express","ELEVTYP_F":0,"ELEVTYP_T":1},"geometry":{"type":"LineString","coordinates":[[-74.0355990234665,40.8671380989267],[-74.0361465572216,40.867128186673],[-74.036424718639,40.867123151322],[-74.0374680172477,40.8671046109509],[-74.0376244627738,40.8671011711972],[-74.037696031173,40.8670995965799]]}},{"type":"Feature","id":389833,"properties":{"OBJECTID":389833,"PRIMENAME":"Interstate 80 Express","ELEVTYP_F":1,"ELEVTYP_T":0},"geometry":{"type":"LineString","coordinates":[[-74.0317329039678,40.8671086189307],[-74.0316502513793,40.867107734917],[-74.0313491605962,40.8671020496731],[-74.0311501027276,40.8670982913752],[-74.0306794029247,40.8670814448262],[-74.0302627033989,40.8670574045843],[-74.0298459765958,40.8670370964902],[-74.0297069453322,40.8670271691932]]}},{"type":"Feature","id":390170,"properties":{"OBJECTID":390170,"PRIMENAME":"Interstate 80","ELEVTYP_F":1,"ELEVTYP_T":0},"geometry":{"type":"LineString","coordinates":[[-74.0395451836242,40.8668422153766],[-74.0395187483829,40.8668427141304],[-74.0388444838118,40.8668665908593]]}},{"type":"Feature","id":390615,"properties":{"OBJECTID":390615,"PRIMENAME":"Interstate 80","ELEVTYP_F":1,"ELEVTYP_T":0},"geometry":{"type":"LineString","coordinates":[[-74.0376137697208,40.8668969915431],[-74.0372019081313,40.8669049200811],[-74.0357704697941,40.866931338177],[-74.0355626223217,40.8669347963076]]}},{"type":"Feature","id":391011,"properties":{"OBJECTID":391011,"PRIMENAME":"Interstate 80 Express","ELEVTYP_F":0,"ELEVTYP_T":0},"geometry":{"type":"LineString","coordinates":[[-74.0275164107282,40.8668189417423],[-74.0272168698655,40.8667822148101],[-74.0267340820083,40.8667116385391],[-74.0260138615683,40.8666081614261],[-74.0248772514374,40.8664433729144],[-74.0241815607781,40.8663437182632],[-74.0241400207101,40.8663375842251],[-74.0235593980406,40.8662518297718],[-74.0228428285233,40.8661498032651]]}},{"type":"Feature","id":391955,"properties":{"OBJECTID":391955,"PRIMENAME":"Palisade Avenue","ELEVTYP_F":0,"ELEVTYP_T":0},"geometry":{"type":"LineString","coordinates":[[-74.0228647697538,40.8812918612751],[-74.0228204860186,40.8813818639576],[-74.022779546261,40.8814727740835],[-74.0227419827184,40.8815645200973],[-74.0227078249713,40.8816570297853],[-74.022587553444,40.8819581952139],[-74.0225726997778,40.8819953875174]]}},{"type":"Feature","id":393313,"properties":{"OBJECTID":393313,"PRIMENAME":"Interstate 80","ELEVTYP_F":0,"ELEVTYP_T":0},"geometry":{"type":"LineString","coordinates":[[-74.0264696678666,40.8665248945053],[-74.0260233371182,40.8664556644781],[-74.0249150307484,40.8662923642058],[-74.0242196664399,40.8661927390457],[-74.0235973973043,40.8661008233028],[-74.0228794934461,40.8659986537253]]}},{"type":"Feature","id":394868,"properties":{"OBJECTID":394868,"PRIMENAME":"Interstate 80 Express","ELEVTYP_F":0,"ELEVTYP_T":0},"geometry":{"type":"LineString","coordinates":[[-74.0222387846006,40.8660619487135],[-74.0216340845189,40.8659720295746],[-74.0213095768709,40.8659256386185],[-74.0206689071423,40.8658340152618],[-74.0201249798136,40.8657548675043]]}},{"type":"Feature","id":395373,"properties":{"OBJECTID":395373,"PRIMENAME":"Interstate 80","ELEVTYP_F":0,"ELEVTYP_T":0},"geometry":{"type":"LineString","coordinates":[[-74.0297738262479,40.8668858028733],[-74.0293867865439,40.8668554295906],[-74.0290150758495,40.8668253103233],[-74.0285304136574,40.8667840231614],[-74.0281117285168,40.8667394349341],[-74.0277024452229,40.8666948557665],[-74.0272273497756,40.8666357322865],[-74.026757006125,40.8665694623093],[-74.0264696678666,40.8665248945053]]}},{"type":"Feature","id":395779,"properties":{"OBJECTID":395779,"PRIMENAME":"Interstate 80 Express","ELEVTYP_F":0,"ELEVTYP_T":0},"geometry":{"type":"LineString","coordinates":[[-74.0200972924683,40.8658388025355],[-74.0206700393298,40.8659227909755],[-74.0212863015976,40.86601467056],[-74.021525357602,40.8660475038927],[-74.0220837167493,40.866126621991],[-74.0222212634776,40.8661464288789]]}},{"type":"Feature","id":409229,"properties":{"OBJECTID":409229,"PRIMENAME":"East Fort Lee Road","ELEVTYP_F":0,"ELEVTYP_T":0},"geometry":{"type":"LineString","coordinates":[[-74.0238270737168,40.8742751848548],[-74.0237586086939,40.8742435623899]]}},{"type":"Feature","id":409230,"properties":{"OBJECTID":409230,"PRIMENAME":"4th Place","ELEVTYP_F":0,"ELEVTYP_T":0},"geometry":{"type":"LineString","coordinates":[[-74.0235002351104,40.8750295520191],[-74.0235790609972,40.8750381430542]]}},{"type":"Feature","id":409231,"properties":{"OBJECTID":409231,"PRIMENAME":"River Road","ELEVTYP_F":0,"ELEVTYP_T":0},"geometry":{"type":"LineString","coordinates":[[-74.0318517196561,40.8834074284908],[-74.0318120777999,40.8836134003236]]}},{"type":"Feature","id":409232,"properties":{"OBJECTID":409232,"PRIMENAME":"Walnut Street","ELEVTYP_F":0,"ELEVTYP_T":0},"geometry":{"type":"LineString","coordinates":[[-74.0212990824584,40.8698433975759],[-74.0214489497304,40.8698701233571]]}},{"type":"Feature","id":409293,"properties":{"OBJECTID":409293,"PRIMENAME":"Interstate 80","ELEVTYP_F":1,"ELEVTYP_T":0},"geometry":{"type":"LineString","coordinates":[[-74.0355626223217,40.8669347963076],[-74.03456032663,40.866951468528],[-74.0340934114493,40.8669621825176]]}},{"type":"Feature","id":410802,"properties":{"OBJECTID":410802,"PRIMENAME":"Parkside Lane","ELEVTYP_F":0,"ELEVTYP_T":0},"geometry":{"type":"LineString","coordinates":[[-74.0229841487478,40.8810864059873],[-74.0244787480779,40.881667609992]]}},{"type":"Feature","id":410803,"properties":{"OBJECTID":410803,"PRIMENAME":"Palisade Avenue","ELEVTYP_F":0,"ELEVTYP_T":0},"geometry":{"type":"LineString","coordinates":[[-74.023062622246,40.8809513499321],[-74.0229841487478,40.8810864059873]]}},{"type":"Feature","id":415095,"properties":{"OBJECTID":415095,"PRIMENAME":"Unnamed Segment","ELEVTYP_F":0,"ELEVTYP_T":0},"geometry":{"type":"LineString","coordinates":[[-74.0416005990693,40.8810870654387],[-74.0408265727616,40.8811092385402],[-74.0397478835458,40.881238246701],[-74.039593651408,40.8812566916765],[-74.0387988265506,40.8818262676375],[-74.0394040496987,40.8823824841403],[-74.0399082610541,40.8826054401091],[-74.0413657911246,40.8830314671649]]}},{"type":"Feature","id":415102,"properties":{"OBJECTID":415102,"PRIMENAME":"Midtown Bridge Approach","ELEVTYP_F":0,"ELEVTYP_T":0},"geometry":{"type":"LineString","coordinates":[[-74.039336108315,40.8837774752682],[-74.038411555376,40.8835487432009],[-74.0375371964108,40.8833272105078],[-74.037511604997,40.8833199231633],[-74.0373732319065,40.8832764004392],[-74.0372386142057,40.8832265533123],[-74.0371171265172,40.8831746449552],[-74.0369997062569,40.883117599326],[-74.0368867301457,40.8830555994503],[-74.0367785606431,40.8829888442485]]}},{"type":"Feature","id":415110,"properties":{"OBJECTID":415110,"PRIMENAME":"Salem Street Extension","ELEVTYP_F":0,"ELEVTYP_T":0},"geometry":{"type":"LineString","coordinates":[[-74.0367785606431,40.8829888442485],[-74.0369274244464,40.883113560573],[-74.0370723926344,40.8832408930206],[-74.0372133853987,40.8833707715116],[-74.0373503251173,40.8835031245646],[-74.0375092435824,40.8836591395766],[-74.0377888091527,40.8839358533583],[-74.0380663801428,40.8842137219872],[-74.0381432196905,40.8842892787064],[-74.0382235311066,40.8843627263537],[-74.038307213978,40.8844339730874],[-74.0383941636744,40.8845029298172],[-74.0384842714798,40.8845695103164],[-74.0385774247279,40.8846336313292],[-74.0386735069435,40.884695212675],[-74.0387723979874,40.8847541773488]]}},{"type":"Feature","id":415174,"properties":{"OBJECTID":415174,"PRIMENAME":"Park Avenue","ELEVTYP_F":0,"ELEVTYP_T":0},"geometry":{"type":"LineString","coordinates":[[-74.039336108315,40.8837774752682],[-74.0387723979874,40.8847541773488]]}},{"type":"Feature","id":415175,"properties":{"OBJECTID":415175,"PRIMENAME":"Midtown Bridge Approach","ELEVTYP_F":0,"ELEVTYP_T":0},"geometry":{"type":"LineString","coordinates":[[-74.0401146894983,40.8839700869859],[-74.039336108315,40.8837774752682]]}},{"type":"Feature","id":415266,"properties":{"OBJECTID":415266,"PRIMENAME":"Railroad Avenue","ELEVTYP_F":0,"ELEVTYP_T":0},"geometry":{"type":"LineString","coordinates":[[-74.0310638350692,40.8642116591863],[-74.031441358763,40.865277243629],[-74.0315432660297,40.8656215025645]]}},{"type":"Feature","id":415276,"properties":{"OBJECTID":415276,"PRIMENAME":"East Fort Lee Road","ELEVTYP_F":0,"ELEVTYP_T":0},"geometry":{"type":"LineString","coordinates":[[-74.0230137942437,40.873877878726],[-74.0222072823325,40.8735043293805]]}},{"type":"Feature","id":415277,"properties":{"OBJECTID":415277,"PRIMENAME":"East Fort Lee Road","ELEVTYP_F":0,"ELEVTYP_T":0},"geometry":{"type":"LineString","coordinates":[[-74.0237586086939,40.8742435623899],[-74.0235454131696,40.8741454015694],[-74.0230137942437,40.873877878726]]}},{"type":"Feature","id":415278,"properties":{"OBJECTID":415278,"PRIMENAME":"East Fort Lee Road","ELEVTYP_F":0,"ELEVTYP_T":0},"geometry":{"type":"LineString","coordinates":[[-74.0222072823325,40.8735043293805],[-74.0219161720575,40.8733694994022],[-74.0214137531177,40.8731566043418]]}},{"type":"Feature","id":415279,"properties":{"OBJECTID":415279,"PRIMENAME":"East Fort Lee Road","ELEVTYP_F":0,"ELEVTYP_T":0},"geometry":{"type":"LineString","coordinates":[[-74.0214137531177,40.8731566043418],[-74.0210232079645,40.8729911111727],[-74.0208188670306,40.8729145687138],[-74.0208175501255,40.8729140751345]]}},{"type":"Feature","id":415314,"properties":{"OBJECTID":415314,"PRIMENAME":"First Street","ELEVTYP_F":0,"ELEVTYP_T":0},"geometry":{"type":"LineString","coordinates":[[-74.0315432660297,40.8656215025645],[-74.0313749539741,40.8659468506084]]}},{"type":"Feature","id":415315,"properties":{"OBJECTID":415315,"PRIMENAME":"Railroad Avenue","ELEVTYP_F":0,"ELEVTYP_T":0},"geometry":{"type":"LineString","coordinates":[[-74.0315432660297,40.8656215025645],[-74.0315812131245,40.8657496952762],[-74.0316253005085,40.8659071868483],[-74.0316497880961,40.8660239740887]]}},{"type":"Feature","id":416863,"properties":{"OBJECTID":416863,"PRIMENAME":"Roadway","ELEVTYP_F":0,"ELEVTYP_T":0},"geometry":{"type":"LineString","coordinates":[[-74.033258147796,40.8736366459619],[-74.0329910252557,40.8745313492026]]}},{"type":"Feature","id":417531,"properties":{"OBJECTID":417531,"PRIMENAME":"FR PALISADE AVE to I-80 WB","ELEVTYP_F":0,"ELEVTYP_T":1},"geometry":{"type":"LineString","coordinates":[[-74.0303288227891,40.8674739723077],[-74.0305320888814,40.8674662353622],[-74.0309762968459,40.8674509135987],[-74.0314355467039,40.867435624211],[-74.0317335512127,40.8674273099464]]}},{"type":"Feature","id":417546,"properties":{"OBJECTID":417546,"PRIMENAME":"FR I-80 EB to 2ND ST","ELEVTYP_F":0,"ELEVTYP_T":0},"geometry":{"type":"LineString","coordinates":[[-74.0340934114493,40.8669621825176],[-74.0326170626779,40.8669318620762],[-74.0324138833208,40.866922474204],[-74.0322935751441,40.8669133950077],[-74.0321919610782,40.8669044185209],[-74.0320979603752,40.8668926189207],[-74.0319137765909,40.8668661513565],[-74.0317326583684,40.8668354686663]]}},{"type":"Feature","id":417560,"properties":{"OBJECTID":417560,"PRIMENAME":"FR I-80 EB to 2ND ST","ELEVTYP_F":1,"ELEVTYP_T":0},"geometry":{"type":"LineString","coordinates":[[-74.0317326583684,40.8668354686663],[-74.0315754371685,40.8668104824853],[-74.031451377993,40.8667899958645],[-74.0313273392186,40.8667666264676],[-74.0312032399464,40.8667518481321],[-74.0309963568482,40.866739560886],[-74.0306088732111,40.8667208567868],[-74.0300821128993,40.866701556152],[-74.0298970613752,40.8667032039415]]}},{"type":"Feature","id":417567,"properties":{"OBJECTID":417567,"PRIMENAME":"FR PALISADE AVE to I-80 WB","ELEVTYP_F":1,"ELEVTYP_T":0},"geometry":{"type":"LineString","coordinates":[[-74.0317335512127,40.8674273099464],[-74.0318835304358,40.867423142081],[-74.0322010600797,40.8674075950167]]}},{"type":"Feature","id":417630,"properties":{"OBJECTID":417630,"PRIMENAME":"FR I-80 EB to 2ND ST","ELEVTYP_F":0,"ELEVTYP_T":0},"geometry":{"type":"LineString","coordinates":[[-74.0298970613752,40.8667032039415],[-74.0298600515467,40.8667035331054]]}},{"type":"Feature","id":417643,"properties":{"OBJECTID":417643,"PRIMENAME":"FR PALISADE AVE to I-80 WB","ELEVTYP_F":0,"ELEVTYP_T":0},"geometry":{"type":"LineString","coordinates":[[-74.0322010600797,40.8674075950167],[-74.0323691624813,40.8673993645994],[-74.0341979490628,40.8672814570282]]}},{"type":"Feature","id":417695,"properties":{"OBJECTID":417695,"PRIMENAME":"FR PALISADE AVE to I-80 WB","ELEVTYP_F":0,"ELEVTYP_T":0},"geometry":{"type":"LineString","coordinates":[[-74.030023735236,40.8675070134585],[-74.0303288227891,40.8674739723077]]}},{"type":"Feature","id":417725,"properties":{"OBJECTID":417725,"PRIMENAME":"Degraw Avenue","ELEVTYP_F":0,"ELEVTYP_T":0},"geometry":{"type":"LineString","coordinates":[[-74.0232070517358,40.8761825129986],[-74.0231222953245,40.8761486929742]]}},{"type":"Feature","id":417874,"properties":{"OBJECTID":417874,"PRIMENAME":"FR KENNEDY ST to I-80 EB","ELEVTYP_F":1,"ELEVTYP_T":0},"geometry":{"type":"LineString","coordinates":[[-74.0395290499371,40.8668014713046],[-74.0388444838118,40.8668665908593]]}},{"type":"Feature","id":417902,"properties":{"OBJECTID":417902,"PRIMENAME":"FR I-80 WB to KENNEDY ST","ELEVTYP_F":0,"ELEVTYP_T":1},"geometry":{"type":"LineString","coordinates":[[-74.0389368323795,40.8671949261515],[-74.0396958578761,40.8672229367134]]}},{"type":"Feature","id":417910,"properties":{"OBJECTID":417910,"PRIMENAME":"FR CO 503 NB TO E KENNEDY ST","ELEVTYP_F":0,"ELEVTYP_T":0},"geometry":{"type":"LineString","coordinates":[[-74.0377841582859,40.8673166900169],[-74.0377168898849,40.867490230514],[-74.0376696671882,40.8675785105725],[-74.037620643922,40.8676501939874],[-74.037587219021,40.8676990681301],[-74.0375322579208,40.8677873171062],[-74.0375007679853,40.86784911676],[-74.0374848092105,40.8679080140045],[-74.0374882273625,40.8679729182982],[-74.0375072491323,40.8680349204786],[-74.0375417677959,40.8680940201103],[-74.0375760420725,40.8681323245856],[-74.0375841421486,40.8681413753682],[-74.0376170890572,40.8681612506447],[-74.0376383334452,40.868174065363],[-74.0377273981089,40.8682097769224],[-74.0378399231016,40.8682308697983],[-74.0381692474328,40.868269081584]]}},{"type":"Feature","id":418036,"properties":{"OBJECTID":418036,"PRIMENAME":"FR I-80 WB to KENNEDY ST","ELEVTYP_F":0,"ELEVTYP_T":0},"geometry":{"type":"LineString","coordinates":[[-74.0396958578761,40.8672229367134],[-74.0401306253426,40.8672389719216],[-74.0407168296943,40.867238590491],[-74.0410099404782,40.8672370671993],[-74.0411600661452,40.8672376644783],[-74.0412672552928,40.8672407808173],[-74.0413672646744,40.867252020473],[-74.0414529912352,40.8672632311816],[-74.0415494019692,40.8672771472779],[-74.0416350555316,40.8672937925035],[-74.041690709085,40.8673086713278],[-74.0417278110704,40.8673185908277],[-74.0418419162189,40.8673570346683],[-74.0419524396685,40.8674008711977],[-74.0420450658077,40.8674446635835],[-74.0421233721078,40.8674938069778],[-74.0421944632205,40.867551074546],[-74.042247711444,40.8676055533414],[-74.0423043910823,40.8676763235368],[-74.0423432446706,40.8677470220774],[-74.0423677622522,40.867820409567],[-74.0423850824705,40.8678991485041],[-74.0423845592344,40.8679751536626],[-74.042373259543,40.868056496974],[-74.0423477528059,40.8681269410498],[-74.0423080565182,40.8681837680294],[-74.0422469379527,40.8682377929625],[-74.0421462815907,40.8682913115089]]}},{"type":"Feature","id":418039,"properties":{"OBJECTID":418039,"PRIMENAME":"FR KENNEDY ST to I-80 EB","ELEVTYP_F":1,"ELEVTYP_T":0},"geometry":{"type":"LineString","coordinates":[[-74.0424590943803,40.866833443216],[-74.0424289120704,40.8667216869704],[-74.0424044517431,40.8666402017773],[-74.0423869453185,40.8665885548515],[-74.0423586434445,40.8665450449748],[-74.0423196581196,40.8664987477624],[-74.0422663545788,40.8664524216366],[-74.0421987513,40.8664087278368],[-74.0421132836781,40.8663703989284],[-74.0420275790183,40.8663456559234],[-74.041927626576,40.8663316712267],[-74.041845441912,40.8663313448254],[-74.0417882907312,40.866334384181],[-74.0417290468568,40.8663420819508],[-74.0416880093692,40.8663524600829],[-74.0416055823591,40.8663819423336],[-74.041487226481,40.8664411473333],[-74.0413150236121,40.8665381827014],[-74.0411679172686,40.8666135769692],[-74.0410532343285,40.8666592362404],[-74.0409278681555,40.866696727032],[-74.0408241282478,40.8667180268675],[-74.0406666578955,40.8667391126597],[-74.040419916365,40.8667544067463],[-74.0399622501522,40.866777013042],[-74.0395474659243,40.8667997598893],[-74.0395290499371,40.8668014713046]]}},{"type":"Feature","id":418731,"properties":{"OBJECTID":418731,"PRIMENAME":"West Grove Street","ELEVTYP_F":0,"ELEVTYP_T":0},"geometry":{"type":"LineString","coordinates":[[-74.0265247583914,40.8809449136477],[-74.0268142493142,40.8810133524721]]}},{"type":"Feature","id":418872,"properties":{"OBJECTID":418872,"PRIMENAME":"East Kennedy Street","ELEVTYP_F":0,"ELEVTYP_T":0},"geometry":{"type":"LineString","coordinates":[[-74.0381521878388,40.8682262740189],[-74.0388201543246,40.868325129303],[-74.0402139534147,40.8685222088059]]}},{"type":"Feature","id":418906,"properties":{"OBJECTID":418906,"PRIMENAME":"McDougall Lane","ELEVTYP_F":0,"ELEVTYP_T":0},"geometry":{"type":"LineString","coordinates":[[-74.0305241296349,40.8748181722064],[-74.0318632814614,40.8751241584017]]}},{"type":"Feature","id":419845,"properties":{"OBJECTID":419845,"PRIMENAME":"Fort Lee Road","ELEVTYP_F":0,"ELEVTYP_T":0},"geometry":{"type":"LineString","coordinates":[[-74.0230137942437,40.873877878726],[-74.0222072823325,40.8735043293805]]}},{"type":"Feature","id":419846,"properties":{"OBJECTID":419846,"PRIMENAME":"Fort Lee Road","ELEVTYP_F":0,"ELEVTYP_T":0},"geometry":{"type":"LineString","coordinates":[[-74.0237586086939,40.8742435623899],[-74.0235454131696,40.8741454015694],[-74.0230137942437,40.873877878726]]}},{"type":"Feature","id":419877,"properties":{"OBJECTID":419877,"PRIMENAME":"Fort Lee Road","ELEVTYP_F":0,"ELEVTYP_T":0},"geometry":{"type":"LineString","coordinates":[[-74.0222072823325,40.8735043293805],[-74.0219161720575,40.8733694994022],[-74.0214137531177,40.8731566043418]]}},{"type":"Feature","id":420056,"properties":{"OBJECTID":420056,"PRIMENAME":"Highwood Street","ELEVTYP_F":0,"ELEVTYP_T":0},"geometry":{"type":"LineString","coordinates":[[-74.0202145870045,40.8766540562501],[-74.020321771707,40.876689828655],[-74.0227081315231,40.8774860163881]]}},{"type":"Feature","id":420258,"properties":{"OBJECTID":420258,"PRIMENAME":"Railroad Avenue","ELEVTYP_F":0,"ELEVTYP_T":0},"geometry":{"type":"LineString","coordinates":[[-74.0316497880961,40.8660239740887],[-74.0316868423022,40.8662560718441],[-74.0317220688482,40.8665935685136],[-74.0317323108057,40.8667308849268],[-74.0317326583684,40.8668354686663]]}},{"type":"Feature","id":420270,"properties":{"OBJECTID":420270,"PRIMENAME":"First Street","ELEVTYP_F":0,"ELEVTYP_T":0},"geometry":{"type":"LineString","coordinates":[[-74.0313749539741,40.8659468506084],[-74.0310358903185,40.8665789229921]]}},{"type":"Feature","id":420417,"properties":{"OBJECTID":420417,"PRIMENAME":"Grove Street","ELEVTYP_F":0,"ELEVTYP_T":0},"geometry":{"type":"LineString","coordinates":[[-74.0221169664813,40.879535588203],[-74.021083160836,40.8791986268027]]}},{"type":"Feature","id":420510,"properties":{"OBJECTID":420510,"PRIMENAME":"Fort Lee Road","ELEVTYP_F":0,"ELEVTYP_T":0},"geometry":{"type":"LineString","coordinates":[[-74.0214137531177,40.8731566043418],[-74.0210232079645,40.8729911111727],[-74.0208188670306,40.8729145687138],[-74.0208175501255,40.8729140751345]]}},{"type":"Feature","id":420519,"properties":{"OBJECTID":420519,"PRIMENAME":"Grove Street","ELEVTYP_F":0,"ELEVTYP_T":0},"geometry":{"type":"LineString","coordinates":[[-74.021083160836,40.8791986268027],[-74.0194616112218,40.8786714251671],[-74.0191948365765,40.8785846891877]]}},{"type":"Feature","id":433410,"properties":{"OBJECTID":433410,"PRIMENAME":"Fairview Avenue","ELEVTYP_F":0,"ELEVTYP_T":0},"geometry":{"type":"LineString","coordinates":[[-74.0252705648716,40.8669092434537],[-74.025102877233,40.8668634553399],[-74.0250427014394,40.8668546431533],[-74.0249936629933,40.8668658604517],[-74.0249632875601,40.8668914826616]]}},{"type":"Feature","id":433411,"properties":{"OBJECTID":433411,"PRIMENAME":"West Fort Lee Road","ELEVTYP_F":0,"ELEVTYP_T":0},"geometry":{"type":"LineString","coordinates":[[-74.0349801299123,40.8779555108945],[-74.0348048342984,40.8777543203384],[-74.0346586710817,40.8775865635853],[-74.0345283935897,40.8774389093063],[-74.0344693099319,40.8773912108843],[-74.0344039737354,40.8773482358914],[-74.034338517745,40.8773171190664],[-74.0341981107055,40.8772785616359],[-74.0340721800225,40.8772525299864],[-74.0337297796834,40.8771817494182],[-74.0333888222402,40.8770902695959]]}},{"type":"Feature","id":435317,"properties":{"OBJECTID":435317,"PRIMENAME":"Bogota Gardens","ELEVTYP_F":0,"ELEVTYP_T":0},"geometry":{"type":"LineString","coordinates":[[-74.0328392549359,40.8751758932814],[-74.0328386862698,40.8751808480888],[-74.0328390689021,40.8751858131749],[-74.0328403947661,40.8751906838626],[-74.0328426359092,40.8751953574645],[-74.0328488618847,40.8752058887185],[-74.0328506142282,40.8752084750183],[-74.0328527187586,40.8752109053123],[-74.032855151639,40.8752131520735],[-74.0328578853132,40.8752151898539],[-74.0328608888181,40.8752169955724],[-74.0328641281342,40.8752185487764],[-74.0328675665714,40.8752198318734],[-74.0328711651837,40.8752208303303],[-74.0328813294345,40.875223193161],[-74.0328882274608,40.8752245901914],[-74.032895241311,40.8752256017828],[-74.0329023336568,40.8752262225515],[-74.0329094667522,40.8752264491936],[-74.0329310653167,40.8752265366564],[-74.0329387974344,40.8752264319889],[-74.0329465148592,40.8752260555037],[-74.032954201015,40.8752254080095],[-74.032961839393,40.8752244908969],[-74.0330733783223,40.8752090789535]]}}]}
